Case;VehCat;Year;TrafficScenario;Component;RoadCat;AmbientCondPattern;EFA_weighted;EFA_km_weighted;EFA_WTT_weighted;EFA_WTT_km_weighted;EFA_WTW_weighted;EFA_WTW_km_weighted
2020ColdAverage[4.1];pass. car;2020;REF D HB41;HC;Urban;TØ,0-1h,0-1km;0.280542612;;;;;
2020ColdAverage[4.1];pass. car;2020;REF D HB41;HC;Urban;TØ,1-2h,0-1km;0.698604047;;;;;
2020ColdAverage[4.1];pass. car;2020;REF D HB41;HC;Urban;TØ,2-3h,0-1km;0.883359611;;;;;
2020ColdAverage[4.1];pass. car;2020;REF D HB41;HC;Urban;TØ,3-4h,0-1km;1.009465933;;;;;
2020ColdAverage[4.1];pass. car;2020;REF D HB41;HC;Urban;TØ,4-5h,0-1km;1.100004673;;;;;
2020ColdAverage[4.1];pass. car;2020;REF D HB41;HC;Urban;TØ,5-6h,0-1km;1.155112267;;;;;
2020ColdAverage[4.1];pass. car;2020;REF D HB41;HC;Urban;TØ,6-7h,0-1km;1.21021986;;;;;
2020ColdAverage[4.1];pass. car;2020;REF D HB41;HC;Urban;TØ,7-8h,0-1km;1.265327454;;;;;
2020ColdAverage[4.1];pass. car;2020;REF D HB41;HC;Urban;TØ,8-9h,0-1km;1.320434928;;;;;
2020ColdAverage[4.1];pass. car;2020;REF D HB41;HC;Urban;TØ,9-10h,0-1km;1.375542521;;;;;
2020ColdAverage[4.1];pass. car;2020;REF D HB41;HC;Urban;TØ,10-11h,0-1km;1.430650473;;;;;
2020ColdAverage[4.1];pass. car;2020;REF D HB41;HC;Urban;TØ,11-12h,0-1km;1.485757828;;;;;
2020ColdAverage[4.1];pass. car;2020;REF D HB41;HC;Urban;TØ,>12h,0-1km;1.513312101;;;;;
2020ColdAverage[4.1];pass. car;2020;REF D HB41;HC;Urban;TØ,0-1h,1-2km;0.28538087;;;;;
2020ColdAverage[4.1];pass. car;2020;REF D HB41;HC;Urban;TØ,1-2h,1-2km;0.719647229;;;;;
2020ColdAverage[4.1];pass. car;2020;REF D HB41;HC;Urban;TØ,2-3h,1-2km;0.911093831;;;;;
2020ColdAverage[4.1];pass. car;2020;REF D HB41;HC;Urban;TØ,3-4h,1-2km;1.041274905;;;;;
2020ColdAverage[4.1];pass. car;2020;REF D HB41;HC;Urban;TØ,4-5h,1-2km;1.134728193;;;;;
2020ColdAverage[4.1];pass. car;2020;REF D HB41;HC;Urban;TØ,5-6h,1-2km;1.191575408;;;;;
2020ColdAverage[4.1];pass. car;2020;REF D HB41;HC;Urban;TØ,6-7h,1-2km;1.248422623;;;;;
2020ColdAverage[4.1];pass. car;2020;REF D HB41;HC;Urban;TØ,7-8h,1-2km;1.305269837;;;;;
2020ColdAverage[4.1];pass. car;2020;REF D HB41;HC;Urban;TØ,8-9h,1-2km;1.362117052;;;;;
2020ColdAverage[4.1];pass. car;2020;REF D HB41;HC;Urban;TØ,9-10h,1-2km;1.418964148;;;;;
2020ColdAverage[4.1];pass. car;2020;REF D HB41;HC;Urban;TØ,10-11h,1-2km;1.475811362;;;;;
2020ColdAverage[4.1];pass. car;2020;REF D HB41;HC;Urban;TØ,11-12h,1-2km;1.532658458;;;;;
2020ColdAverage[4.1];pass. car;2020;REF D HB41;HC;Urban;TØ,>12h,1-2km;1.561082006;;;;;
2020ColdAverage[4.1];pass. car;2020;REF D HB41;CO;Urban;TØ,0-1h,0-1km;0.990418673;;;;;
2020ColdAverage[4.1];pass. car;2020;REF D HB41;CO;Urban;TØ,1-2h,0-1km;2.657198191;;;;;
2020ColdAverage[4.1];pass. car;2020;REF D HB41;CO;Urban;TØ,2-3h,0-1km;3.687782526;;;;;
2020ColdAverage[4.1];pass. car;2020;REF D HB41;CO;Urban;TØ,3-4h,0-1km;4.777820587;;;;;
2020ColdAverage[4.1];pass. car;2020;REF D HB41;CO;Urban;TØ,4-5h,0-1km;5.500161648;;;;;
2020ColdAverage[4.1];pass. car;2020;REF D HB41;CO;Urban;TØ,5-6h,0-1km;5.872639656;;;;;
2020ColdAverage[4.1];pass. car;2020;REF D HB41;CO;Urban;TØ,6-7h,0-1km;6.245115757;;;;;
2020ColdAverage[4.1];pass. car;2020;REF D HB41;CO;Urban;TØ,7-8h,0-1km;6.617593765;;;;;
2020ColdAverage[4.1];pass. car;2020;REF D HB41;CO;Urban;TØ,8-9h,0-1km;6.990069866;;;;;
2020ColdAverage[4.1];pass. car;2020;REF D HB41;CO;Urban;TØ,9-10h,0-1km;7.362546444;;;;;
2020ColdAverage[4.1];pass. car;2020;REF D HB41;CO;Urban;TØ,10-11h,0-1km;7.735023499;;;;;
2020ColdAverage[4.1];pass. car;2020;REF D HB41;CO;Urban;TØ,11-12h,0-1km;8.107503891;;;;;
2020ColdAverage[4.1];pass. car;2020;REF D HB41;CO;Urban;TØ,>12h,0-1km;8.293737411;;;;;
2020ColdAverage[4.1];pass. car;2020;REF D HB41;CO;Urban;TØ,0-1h,1-2km;0.997770488;;;;;
2020ColdAverage[4.1];pass. car;2020;REF D HB41;CO;Urban;TØ,1-2h,1-2km;2.770987749;;;;;
2020ColdAverage[4.1];pass. car;2020;REF D HB41;CO;Urban;TØ,2-3h,1-2km;3.989943981;;;;;
2020ColdAverage[4.1];pass. car;2020;REF D HB41;CO;Urban;TØ,3-4h,1-2km;5.224170685;;;;;
2020ColdAverage[4.1];pass. car;2020;REF D HB41;CO;Urban;TØ,4-5h,1-2km;6.0458951;;;;;
2020ColdAverage[4.1];pass. car;2020;REF D HB41;CO;Urban;TØ,5-6h,1-2km;6.455329895;;;;;
2020ColdAverage[4.1];pass. car;2020;REF D HB41;CO;Urban;TØ,6-7h,1-2km;6.86476326;;;;;
2020ColdAverage[4.1];pass. car;2020;REF D HB41;CO;Urban;TØ,7-8h,1-2km;7.274198055;;;;;
2020ColdAverage[4.1];pass. car;2020;REF D HB41;CO;Urban;TØ,8-9h,1-2km;7.683633327;;;;;
2020ColdAverage[4.1];pass. car;2020;REF D HB41;CO;Urban;TØ,9-10h,1-2km;8.093067169;;;;;
2020ColdAverage[4.1];pass. car;2020;REF D HB41;CO;Urban;TØ,10-11h,1-2km;8.502501488;;;;;
2020ColdAverage[4.1];pass. car;2020;REF D HB41;CO;Urban;TØ,11-12h,1-2km;8.91193676;;;;;
2020ColdAverage[4.1];pass. car;2020;REF D HB41;CO;Urban;TØ,>12h,1-2km;9.116653442;;;;;
2020ColdAverage[4.1];pass. car;2020;REF D HB41;NOx;Urban;TØ,0-1h,0-1km;0.108087637;;;;;
2020ColdAverage[4.1];pass. car;2020;REF D HB41;NOx;Urban;TØ,1-2h,0-1km;0.186517805;;;;;
2020ColdAverage[4.1];pass. car;2020;REF D HB41;NOx;Urban;TØ,2-3h,0-1km;0.187260941;;;;;
2020ColdAverage[4.1];pass. car;2020;REF D HB41;NOx;Urban;TØ,3-4h,0-1km;0.193716526;;;;;
2020ColdAverage[4.1];pass. car;2020;REF D HB41;NOx;Urban;TØ,4-5h,0-1km;0.194356859;;;;;
2020ColdAverage[4.1];pass. car;2020;REF D HB41;NOx;Urban;TØ,5-6h,0-1km;0.189155221;;;;;
2020ColdAverage[4.1];pass. car;2020;REF D HB41;NOx;Urban;TØ,6-7h,0-1km;0.183914647;;;;;
2020ColdAverage[4.1];pass. car;2020;REF D HB41;NOx;Urban;TØ,7-8h,0-1km;0.178634658;;;;;
2020ColdAverage[4.1];pass. car;2020;REF D HB41;NOx;Urban;TØ,8-9h,0-1km;0.173314869;;;;;
2020ColdAverage[4.1];pass. car;2020;REF D HB41;NOx;Urban;TØ,9-10h,0-1km;0.167954966;;;;;
2020ColdAverage[4.1];pass. car;2020;REF D HB41;NOx;Urban;TØ,10-11h,0-1km;0.162554651;;;;;
2020ColdAverage[4.1];pass. car;2020;REF D HB41;NOx;Urban;TØ,11-12h,0-1km;0.157113522;;;;;
2020ColdAverage[4.1];pass. car;2020;REF D HB41;NOx;Urban;TØ,>12h,0-1km;0.154378802;;;;;
2020ColdAverage[4.1];pass. car;2020;REF D HB41;NOx;Urban;TØ,0-1h,1-2km;0.127115518;;;;;
2020ColdAverage[4.1];pass. car;2020;REF D HB41;NOx;Urban;TØ,1-2h,1-2km;0.249482155;;;;;
2020ColdAverage[4.1];pass. car;2020;REF D HB41;NOx;Urban;TØ,2-3h,1-2km;0.265455753;;;;;
2020ColdAverage[4.1];pass. car;2020;REF D HB41;NOx;Urban;TØ,3-4h,1-2km;0.274355203;;;;;
2020ColdAverage[4.1];pass. car;2020;REF D HB41;NOx;Urban;TØ,4-5h,1-2km;0.274790496;;;;;
2020ColdAverage[4.1];pass. car;2020;REF D HB41;NOx;Urban;TØ,5-6h,1-2km;0.266759306;;;;;
2020ColdAverage[4.1];pass. car;2020;REF D HB41;NOx;Urban;TØ,6-7h,1-2km;0.258724421;;;;;
2020ColdAverage[4.1];pass. car;2020;REF D HB41;NOx;Urban;TØ,7-8h,1-2km;0.250686288;;;;;
2020ColdAverage[4.1];pass. car;2020;REF D HB41;NOx;Urban;TØ,8-9h,1-2km;0.242645383;;;;;
2020ColdAverage[4.1];pass. car;2020;REF D HB41;NOx;Urban;TØ,9-10h,1-2km;0.234602153;;;;;
2020ColdAverage[4.1];pass. car;2020;REF D HB41;NOx;Urban;TØ,10-11h,1-2km;0.226556838;;;;;
2020ColdAverage[4.1];pass. car;2020;REF D HB41;NOx;Urban;TØ,11-12h,1-2km;0.218509436;;;;;
2020ColdAverage[4.1];pass. car;2020;REF D HB41;NOx;Urban;TØ,>12h,1-2km;0.214485049;;;;;
2020ColdAverage[4.1];pass. car;2020;REF D HB41;FC;Urban;TØ,0-1h,0-1km;1.642174721;;;;;
2020ColdAverage[4.1];pass. car;2020;REF D HB41;FC;Urban;TØ,1-2h,0-1km;3.191427469;;;;;
2020ColdAverage[4.1];pass. car;2020;REF D HB41;FC;Urban;TØ,2-3h,0-1km;4.768320084;;;;;
2020ColdAverage[4.1];pass. car;2020;REF D HB41;FC;Urban;TØ,3-4h,0-1km;6.518996716;;;;;
2020ColdAverage[4.1];pass. car;2020;REF D HB41;FC;Urban;TØ,4-5h,0-1km;8.286783218;;;;;
2020ColdAverage[4.1];pass. car;2020;REF D HB41;FC;Urban;TØ,5-6h,0-1km;10.12829304;;;;;
2020ColdAverage[4.1];pass. car;2020;REF D HB41;FC;Urban;TØ,6-7h,0-1km;11.9698;;;;;
2020ColdAverage[4.1];pass. car;2020;REF D HB41;FC;Urban;TØ,7-8h,0-1km;13.81130886;;;;;
2020ColdAverage[4.1];pass. car;2020;REF D HB41;FC;Urban;TØ,8-9h,0-1km;15.65281296;;;;;
2020ColdAverage[4.1];pass. car;2020;REF D HB41;FC;Urban;TØ,9-10h,0-1km;17.49431992;;;;;
2020ColdAverage[4.1];pass. car;2020;REF D HB41;FC;Urban;TØ,10-11h,0-1km;19.33582878;;;;;
2020ColdAverage[4.1];pass. car;2020;REF D HB41;FC;Urban;TØ,11-12h,0-1km;21.17733765;;;;;
2020ColdAverage[4.1];pass. car;2020;REF D HB41;FC;Urban;TØ,>12h,0-1km;22.10692978;;;;;
2020ColdAverage[4.1];pass. car;2020;REF D HB41;FC;Urban;TØ,0-1h,1-2km;2.582742929;;;;;
2020ColdAverage[4.1];pass. car;2020;REF D HB41;FC;Urban;TØ,1-2h,1-2km;6.725895405;;;;;
2020ColdAverage[4.1];pass. car;2020;REF D HB41;FC;Urban;TØ,2-3h,1-2km;10.56192493;;;;;
2020ColdAverage[4.1];pass. car;2020;REF D HB41;FC;Urban;TØ,3-4h,1-2km;14.58119583;;;;;
2020ColdAverage[4.1];pass. car;2020;REF D HB41;FC;Urban;TØ,4-5h,1-2km;18.62010956;;;;;
2020ColdAverage[4.1];pass. car;2020;REF D HB41;FC;Urban;TØ,5-6h,1-2km;22.75790977;;;;;
2020ColdAverage[4.1];pass. car;2020;REF D HB41;FC;Urban;TØ,6-7h,1-2km;26.8957119;;;;;
2020ColdAverage[4.1];pass. car;2020;REF D HB41;FC;Urban;TØ,7-8h,1-2km;31.03351784;;;;;
2020ColdAverage[4.1];pass. car;2020;REF D HB41;FC;Urban;TØ,8-9h,1-2km;35.17132568;;;;;
2020ColdAverage[4.1];pass. car;2020;REF D HB41;FC;Urban;TØ,9-10h,1-2km;39.30912399;;;;;
2020ColdAverage[4.1];pass. car;2020;REF D HB41;FC;Urban;TØ,10-11h,1-2km;43.44692612;;;;;
2020ColdAverage[4.1];pass. car;2020;REF D HB41;FC;Urban;TØ,11-12h,1-2km;47.5847168;;;;;
2020ColdAverage[4.1];pass. car;2020;REF D HB41;FC;Urban;TØ,>12h,1-2km;49.67349625;;;;;
2020ColdAverage[4.1];pass. car;2020;REF D HB41;FC_MJ;Urban;TØ,0-1h,0-1km;0.069142587;;;;;
2020ColdAverage[4.1];pass. car;2020;REF D HB41;FC_MJ;Urban;TØ,1-2h,0-1km;0.134311303;;;;;
2020ColdAverage[4.1];pass. car;2020;REF D HB41;FC_MJ;Urban;TØ,2-3h,0-1km;0.200667351;;;;;
2020ColdAverage[4.1];pass. car;2020;REF D HB41;FC_MJ;Urban;TØ,3-4h,0-1km;0.274339974;;;;;
2020ColdAverage[4.1];pass. car;2020;REF D HB41;FC_MJ;Urban;TØ,4-5h,0-1km;0.348732978;;;;;
2020ColdAverage[4.1];pass. car;2020;REF D HB41;FC_MJ;Urban;TØ,5-6h,0-1km;0.426229149;;;;;
2020ColdAverage[4.1];pass. car;2020;REF D HB41;FC_MJ;Urban;TØ,6-7h,0-1km;0.503725469;;;;;
2020ColdAverage[4.1];pass. car;2020;REF D HB41;FC_MJ;Urban;TØ,7-8h,0-1km;0.581221581;;;;;
2020ColdAverage[4.1];pass. car;2020;REF D HB41;FC_MJ;Urban;TØ,8-9h,0-1km;0.658717632;;;;;
2020ColdAverage[4.1];pass. car;2020;REF D HB41;FC_MJ;Urban;TØ,9-10h,0-1km;0.736213863;;;;;
2020ColdAverage[4.1];pass. car;2020;REF D HB41;FC_MJ;Urban;TØ,10-11h,0-1km;0.813710213;;;;;
2020ColdAverage[4.1];pass. car;2020;REF D HB41;FC_MJ;Urban;TØ,11-12h,0-1km;0.891206264;;;;;
2020ColdAverage[4.1];pass. car;2020;REF D HB41;FC_MJ;Urban;TØ,>12h,0-1km;0.930326641;;;;;
2020ColdAverage[4.1];pass. car;2020;REF D HB41;FC_MJ;Urban;TØ,0-1h,1-2km;0.108856894;;;;;
2020ColdAverage[4.1];pass. car;2020;REF D HB41;FC_MJ;Urban;TØ,1-2h,1-2km;0.28328985;;;;;
2020ColdAverage[4.1];pass. car;2020;REF D HB41;FC_MJ;Urban;TØ,2-3h,1-2km;0.444785953;;;;;
2020ColdAverage[4.1];pass. car;2020;REF D HB41;FC_MJ;Urban;TØ,3-4h,1-2km;0.61402595;;;;;
2020ColdAverage[4.1];pass. car;2020;REF D HB41;FC_MJ;Urban;TØ,4-5h,1-2km;0.784096003;;;;;
2020ColdAverage[4.1];pass. car;2020;REF D HB41;FC_MJ;Urban;TØ,5-6h,1-2km;0.958339512;;;;;
2020ColdAverage[4.1];pass. car;2020;REF D HB41;FC_MJ;Urban;TØ,6-7h,1-2km;1.132583141;;;;;
2020ColdAverage[4.1];pass. car;2020;REF D HB41;FC_MJ;Urban;TØ,7-8h,1-2km;1.306826711;;;;;
2020ColdAverage[4.1];pass. car;2020;REF D HB41;FC_MJ;Urban;TØ,8-9h,1-2km;1.481069922;;;;;
2020ColdAverage[4.1];pass. car;2020;REF D HB41;FC_MJ;Urban;TØ,9-10h,1-2km;1.65531373;;;;;
2020ColdAverage[4.1];pass. car;2020;REF D HB41;FC_MJ;Urban;TØ,10-11h,1-2km;1.829557061;;;;;
2020ColdAverage[4.1];pass. car;2020;REF D HB41;FC_MJ;Urban;TØ,11-12h,1-2km;2.003800631;;;;;
2020ColdAverage[4.1];pass. car;2020;REF D HB41;FC_MJ;Urban;TØ,>12h,1-2km;2.091758966;;;;;
2020ColdAverage[4.1];pass. car;2020;REF D HB41;PM;Urban;TØ,0-1h,0-1km;0.000590066;;;;;
2020ColdAverage[4.1];pass. car;2020;REF D HB41;PM;Urban;TØ,1-2h,0-1km;0.001017269;;;;;
2020ColdAverage[4.1];pass. car;2020;REF D HB41;PM;Urban;TØ,2-3h,0-1km;0.001123909;;;;;
2020ColdAverage[4.1];pass. car;2020;REF D HB41;PM;Urban;TØ,3-4h,0-1km;0.00126467;;;;;
2020ColdAverage[4.1];pass. car;2020;REF D HB41;PM;Urban;TØ,4-5h,0-1km;0.001381637;;;;;
2020ColdAverage[4.1];pass. car;2020;REF D HB41;PM;Urban;TØ,5-6h,0-1km;0.001480618;;;;;
2020ColdAverage[4.1];pass. car;2020;REF D HB41;PM;Urban;TØ,6-7h,0-1km;0.00158373;;;;;
2020ColdAverage[4.1];pass. car;2020;REF D HB41;PM;Urban;TØ,7-8h,0-1km;0.001691235;;;;;
2020ColdAverage[4.1];pass. car;2020;REF D HB41;PM;Urban;TØ,8-9h,0-1km;0.001803415;;;;;
2020ColdAverage[4.1];pass. car;2020;REF D HB41;PM;Urban;TØ,9-10h,0-1km;0.001920577;;;;;
2020ColdAverage[4.1];pass. car;2020;REF D HB41;PM;Urban;TØ,10-11h,0-1km;0.002043054;;;;;
2020ColdAverage[4.1];pass. car;2020;REF D HB41;PM;Urban;TØ,11-12h,0-1km;0.002171212;;;;;
2020ColdAverage[4.1];pass. car;2020;REF D HB41;PM;Urban;TØ,>12h,0-1km;0.002237347;;;;;
2020ColdAverage[4.1];pass. car;2020;REF D HB41;PM;Urban;TØ,0-1h,1-2km;0.001153914;;;;;
2020ColdAverage[4.1];pass. car;2020;REF D HB41;PM;Urban;TØ,1-2h,1-2km;0.002360891;;;;;
2020ColdAverage[4.1];pass. car;2020;REF D HB41;PM;Urban;TØ,2-3h,1-2km;0.002732825;;;;;
2020ColdAverage[4.1];pass. car;2020;REF D HB41;PM;Urban;TØ,3-4h,1-2km;0.003088981;;;;;
2020ColdAverage[4.1];pass. car;2020;REF D HB41;PM;Urban;TØ,4-5h,1-2km;0.003372615;;;;;
2020ColdAverage[4.1];pass. car;2020;REF D HB41;PM;Urban;TØ,5-6h,1-2km;0.00359367;;;;;
2020ColdAverage[4.1];pass. car;2020;REF D HB41;PM;Urban;TØ,6-7h,1-2km;0.003820826;;;;;
2020ColdAverage[4.1];pass. car;2020;REF D HB41;PM;Urban;TØ,7-8h,1-2km;0.004054214;;;;;
2020ColdAverage[4.1];pass. car;2020;REF D HB41;PM;Urban;TØ,8-9h,1-2km;0.004293947;;;;;
2020ColdAverage[4.1];pass. car;2020;REF D HB41;PM;Urban;TØ,9-10h,1-2km;0.004540117;;;;;
2020ColdAverage[4.1];pass. car;2020;REF D HB41;PM;Urban;TØ,10-11h,1-2km;0.004792784;;;;;
2020ColdAverage[4.1];pass. car;2020;REF D HB41;PM;Urban;TØ,11-12h,1-2km;0.005051963;;;;;
2020ColdAverage[4.1];pass. car;2020;REF D HB41;PM;Urban;TØ,>12h,1-2km;0.005183788;;;;;
2020ColdAverage[4.1];pass. car;2020;REF D HB41;PN;Urban;TØ,0-1h,0-1km;2.33E+11;;;;;
2020ColdAverage[4.1];pass. car;2020;REF D HB41;PN;Urban;TØ,1-2h,0-1km;3.96E+11;;;;;
2020ColdAverage[4.1];pass. car;2020;REF D HB41;PN;Urban;TØ,2-3h,0-1km;4.36E+11;;;;;
2020ColdAverage[4.1];pass. car;2020;REF D HB41;PN;Urban;TØ,3-4h,0-1km;4.91E+11;;;;;
2020ColdAverage[4.1];pass. car;2020;REF D HB41;PN;Urban;TØ,4-5h,0-1km;5.36E+11;;;;;
2020ColdAverage[4.1];pass. car;2020;REF D HB41;PN;Urban;TØ,5-6h,0-1km;5.75E+11;;;;;
2020ColdAverage[4.1];pass. car;2020;REF D HB41;PN;Urban;TØ,6-7h,0-1km;6.15E+11;;;;;
2020ColdAverage[4.1];pass. car;2020;REF D HB41;PN;Urban;TØ,7-8h,0-1km;6.57E+11;;;;;
2020ColdAverage[4.1];pass. car;2020;REF D HB41;PN;Urban;TØ,8-9h,0-1km;7.01E+11;;;;;
2020ColdAverage[4.1];pass. car;2020;REF D HB41;PN;Urban;TØ,9-10h,0-1km;7.46E+11;;;;;
2020ColdAverage[4.1];pass. car;2020;REF D HB41;PN;Urban;TØ,10-11h,0-1km;7.94E+11;;;;;
2020ColdAverage[4.1];pass. car;2020;REF D HB41;PN;Urban;TØ,11-12h,0-1km;8.45E+11;;;;;
2020ColdAverage[4.1];pass. car;2020;REF D HB41;PN;Urban;TØ,>12h,0-1km;8.71E+11;;;;;
2020ColdAverage[4.1];pass. car;2020;REF D HB41;PN;Urban;TØ,0-1h,1-2km;4.85E+11;;;;;
2020ColdAverage[4.1];pass. car;2020;REF D HB41;PN;Urban;TØ,1-2h,1-2km;9.61E+11;;;;;
2020ColdAverage[4.1];pass. car;2020;REF D HB41;PN;Urban;TØ,2-3h,1-2km;1.10E+12;;;;;
2020ColdAverage[4.1];pass. car;2020;REF D HB41;PN;Urban;TØ,3-4h,1-2km;1.24E+12;;;;;
2020ColdAverage[4.1];pass. car;2020;REF D HB41;PN;Urban;TØ,4-5h,1-2km;1.35E+12;;;;;
2020ColdAverage[4.1];pass. car;2020;REF D HB41;PN;Urban;TØ,5-6h,1-2km;1.45E+12;;;;;
2020ColdAverage[4.1];pass. car;2020;REF D HB41;PN;Urban;TØ,6-7h,1-2km;1.54E+12;;;;;
2020ColdAverage[4.1];pass. car;2020;REF D HB41;PN;Urban;TØ,7-8h,1-2km;1.64E+12;;;;;
2020ColdAverage[4.1];pass. car;2020;REF D HB41;PN;Urban;TØ,8-9h,1-2km;1.74E+12;;;;;
2020ColdAverage[4.1];pass. car;2020;REF D HB41;PN;Urban;TØ,9-10h,1-2km;1.84E+12;;;;;
2020ColdAverage[4.1];pass. car;2020;REF D HB41;PN;Urban;TØ,10-11h,1-2km;1.94E+12;;;;;
2020ColdAverage[4.1];pass. car;2020;REF D HB41;PN;Urban;TØ,11-12h,1-2km;2.05E+12;;;;;
2020ColdAverage[4.1];pass. car;2020;REF D HB41;PN;Urban;TØ,>12h,1-2km;2.11E+12;;;;;
2020ColdAverage[4.1];pass. car;2020;REF D HB41;CO2(rep);Urban;TØ,0-1h,0-1km;4.734940052;;;;;
2020ColdAverage[4.1];pass. car;2020;REF D HB41;CO2(rep);Urban;TØ,1-2h,0-1km;9.196341515;;;;;
2020ColdAverage[4.1];pass. car;2020;REF D HB41;CO2(rep);Urban;TØ,2-3h,0-1km;13.73959446;;;;;
2020ColdAverage[4.1];pass. car;2020;REF D HB41;CO2(rep);Urban;TØ,3-4h,0-1km;18.78388405;;;;;
2020ColdAverage[4.1];pass. car;2020;REF D HB41;CO2(rep);Urban;TØ,4-5h,0-1km;23.87748718;;;;;
2020ColdAverage[4.1];pass. car;2020;REF D HB41;CO2(rep);Urban;TØ,5-6h,0-1km;29.18360138;;;;;
2020ColdAverage[4.1];pass. car;2020;REF D HB41;CO2(rep);Urban;TØ,6-7h,0-1km;34.48971176;;;;;
2020ColdAverage[4.1];pass. car;2020;REF D HB41;CO2(rep);Urban;TØ,7-8h,0-1km;39.79581833;;;;;
2020ColdAverage[4.1];pass. car;2020;REF D HB41;CO2(rep);Urban;TØ,8-9h,0-1km;45.10193634;;;;;
2020ColdAverage[4.1];pass. car;2020;REF D HB41;CO2(rep);Urban;TØ,9-10h,0-1km;50.40804291;;;;;
2020ColdAverage[4.1];pass. car;2020;REF D HB41;CO2(rep);Urban;TØ,10-11h,0-1km;55.7141571;;;;;
2020ColdAverage[4.1];pass. car;2020;REF D HB41;CO2(rep);Urban;TØ,11-12h,0-1km;61.02025986;;;;;
2020ColdAverage[4.1];pass. car;2020;REF D HB41;CO2(rep);Urban;TØ,>12h,0-1km;63.69879532;;;;;
2020ColdAverage[4.1];pass. car;2020;REF D HB41;CO2(rep);Urban;TØ,0-1h,1-2km;7.457174301;;;;;
2020ColdAverage[4.1];pass. car;2020;REF D HB41;CO2(rep);Urban;TØ,1-2h,1-2km;19.40221405;;;;;
2020ColdAverage[4.1];pass. car;2020;REF D HB41;CO2(rep);Urban;TØ,2-3h,1-2km;30.46120262;;;;;
2020ColdAverage[4.1];pass. car;2020;REF D HB41;CO2(rep);Urban;TØ,3-4h,1-2km;42.05116653;;;;;
2020ColdAverage[4.1];pass. car;2020;REF D HB41;CO2(rep);Urban;TØ,4-5h,1-2km;53.69802856;;;;;
2020ColdAverage[4.1];pass. car;2020;REF D HB41;CO2(rep);Urban;TØ,5-6h,1-2km;65.63091278;;;;;
2020ColdAverage[4.1];pass. car;2020;REF D HB41;CO2(rep);Urban;TØ,6-7h,1-2km;77.56380463;;;;;
2020ColdAverage[4.1];pass. car;2020;REF D HB41;CO2(rep);Urban;TØ,7-8h,1-2km;89.49669647;;;;;
2020ColdAverage[4.1];pass. car;2020;REF D HB41;CO2(rep);Urban;TØ,8-9h,1-2km;101.4296036;;;;;
2020ColdAverage[4.1];pass. car;2020;REF D HB41;CO2(rep);Urban;TØ,9-10h,1-2km;113.3624954;;;;;
2020ColdAverage[4.1];pass. car;2020;REF D HB41;CO2(rep);Urban;TØ,10-11h,1-2km;125.2953644;;;;;
2020ColdAverage[4.1];pass. car;2020;REF D HB41;CO2(rep);Urban;TØ,11-12h,1-2km;137.228302;;;;;
2020ColdAverage[4.1];pass. car;2020;REF D HB41;CO2(rep);Urban;TØ,>12h,1-2km;143.2520447;;;;;
2020ColdAverage[4.1];pass. car;2020;REF D HB41;CO2(total);Urban;TØ,0-1h,0-1km;5.043848991;;;;;
2020ColdAverage[4.1];pass. car;2020;REF D HB41;CO2(total);Urban;TØ,1-2h,0-1km;9.795593262;;;;;
2020ColdAverage[4.1];pass. car;2020;REF D HB41;CO2(total);Urban;TØ,2-3h,0-1km;14.63480186;;;;;
2020ColdAverage[4.1];pass. car;2020;REF D HB41;CO2(total);Urban;TØ,3-4h,0-1km;20.00772476;;;;;
2020ColdAverage[4.1];pass. car;2020;REF D HB41;CO2(total);Urban;TØ,4-5h,0-1km;25.43318748;;;;;
2020ColdAverage[4.1];pass. car;2020;REF D HB41;CO2(total);Urban;TØ,5-6h,0-1km;31.08501244;;;;;
2020ColdAverage[4.1];pass. car;2020;REF D HB41;CO2(total);Urban;TØ,6-7h,0-1km;36.73683548;;;;;
2020ColdAverage[4.1];pass. car;2020;REF D HB41;CO2(total);Urban;TØ,7-8h,0-1km;42.38865662;;;;;
2020ColdAverage[4.1];pass. car;2020;REF D HB41;CO2(total);Urban;TØ,8-9h,0-1km;48.04047012;;;;;
2020ColdAverage[4.1];pass. car;2020;REF D HB41;CO2(total);Urban;TØ,9-10h,0-1km;53.69228745;;;;;
2020ColdAverage[4.1];pass. car;2020;REF D HB41;CO2(total);Urban;TØ,10-11h,0-1km;59.34412384;;;;;
2020ColdAverage[4.1];pass. car;2020;REF D HB41;CO2(total);Urban;TØ,11-12h,0-1km;64.9959259;;;;;
2020ColdAverage[4.1];pass. car;2020;REF D HB41;CO2(total);Urban;TØ,>12h,0-1km;67.84897614;;;;;
2020ColdAverage[4.1];pass. car;2020;REF D HB41;CO2(total);Urban;TØ,0-1h,1-2km;7.945002556;;;;;
2020ColdAverage[4.1];pass. car;2020;REF D HB41;CO2(total);Urban;TØ,1-2h,1-2km;20.66919899;;;;;
2020ColdAverage[4.1];pass. car;2020;REF D HB41;CO2(total);Urban;TØ,2-3h,1-2km;32.44948196;;;;;
2020ColdAverage[4.1];pass. car;2020;REF D HB41;CO2(total);Urban;TØ,3-4h,1-2km;44.79571915;;;;;
2020ColdAverage[4.1];pass. car;2020;REF D HB41;CO2(total);Urban;TØ,4-5h,1-2km;57.20258331;;;;;
2020ColdAverage[4.1];pass. car;2020;REF D HB41;CO2(total);Urban;TØ,5-6h,1-2km;69.91426086;;;;;
2020ColdAverage[4.1];pass. car;2020;REF D HB41;CO2(total);Urban;TØ,6-7h,1-2km;82.62594604;;;;;
2020ColdAverage[4.1];pass. car;2020;REF D HB41;CO2(total);Urban;TØ,7-8h,1-2km;95.3376236;;;;;
2020ColdAverage[4.1];pass. car;2020;REF D HB41;CO2(total);Urban;TØ,8-9h,1-2km;108.0493088;;;;;
2020ColdAverage[4.1];pass. car;2020;REF D HB41;CO2(total);Urban;TØ,9-10h,1-2km;120.7610016;;;;;
2020ColdAverage[4.1];pass. car;2020;REF D HB41;CO2(total);Urban;TØ,10-11h,1-2km;133.4726715;;;;;
2020ColdAverage[4.1];pass. car;2020;REF D HB41;CO2(total);Urban;TØ,11-12h,1-2km;146.1843567;;;;;
2020ColdAverage[4.1];pass. car;2020;REF D HB41;CO2(total);Urban;TØ,>12h,1-2km;152.6012726;;;;;
2020ColdAverage[4.1];pass. car;2020;REF D HB41;NO2;Urban;TØ,0-1h,0-1km;0.006123221;;;;;
2020ColdAverage[4.1];pass. car;2020;REF D HB41;NO2;Urban;TØ,1-2h,0-1km;0.009836711;;;;;
2020ColdAverage[4.1];pass. car;2020;REF D HB41;NO2;Urban;TØ,2-3h,0-1km;0.01015486;;;;;
2020ColdAverage[4.1];pass. car;2020;REF D HB41;NO2;Urban;TØ,3-4h,0-1km;0.01034849;;;;;
2020ColdAverage[4.1];pass. car;2020;REF D HB41;NO2;Urban;TØ,4-5h,0-1km;0.010380833;;;;;
2020ColdAverage[4.1];pass. car;2020;REF D HB41;NO2;Urban;TØ,5-6h,0-1km;0.010251272;;;;;
2020ColdAverage[4.1];pass. car;2020;REF D HB41;NO2;Urban;TØ,6-7h,0-1km;0.010120805;;;;;
2020ColdAverage[4.1];pass. car;2020;REF D HB41;NO2;Urban;TØ,7-8h,0-1km;0.009989426;;;;;
2020ColdAverage[4.1];pass. car;2020;REF D HB41;NO2;Urban;TØ,8-9h,0-1km;0.009857128;;;;;
2020ColdAverage[4.1];pass. car;2020;REF D HB41;NO2;Urban;TØ,9-10h,0-1km;0.009723907;;;;;
2020ColdAverage[4.1];pass. car;2020;REF D HB41;NO2;Urban;TØ,10-11h,0-1km;0.009589754;;;;;
2020ColdAverage[4.1];pass. car;2020;REF D HB41;NO2;Urban;TØ,11-12h,0-1km;0.00945466;;;;;
2020ColdAverage[4.1];pass. car;2020;REF D HB41;NO2;Urban;TØ,>12h,0-1km;0.009386789;;;;;
2020ColdAverage[4.1];pass. car;2020;REF D HB41;NO2;Urban;TØ,0-1h,1-2km;0.008983985;;;;;
2020ColdAverage[4.1];pass. car;2020;REF D HB41;NO2;Urban;TØ,1-2h,1-2km;0.01742482;;;;;
2020ColdAverage[4.1];pass. car;2020;REF D HB41;NO2;Urban;TØ,2-3h,1-2km;0.018885845;;;;;
2020ColdAverage[4.1];pass. car;2020;REF D HB41;NO2;Urban;TØ,3-4h,1-2km;0.019174315;;;;;
2020ColdAverage[4.1];pass. car;2020;REF D HB41;NO2;Urban;TØ,4-5h,1-2km;0.019210216;;;;;
2020ColdAverage[4.1];pass. car;2020;REF D HB41;NO2;Urban;TØ,5-6h,1-2km;0.018993188;;;;;
2020ColdAverage[4.1];pass. car;2020;REF D HB41;NO2;Urban;TØ,6-7h,1-2km;0.018775649;;;;;
2020ColdAverage[4.1];pass. car;2020;REF D HB41;NO2;Urban;TØ,7-8h,1-2km;0.01855756;;;;;
2020ColdAverage[4.1];pass. car;2020;REF D HB41;NO2;Urban;TØ,8-9h,1-2km;0.018338943;;;;;
2020ColdAverage[4.1];pass. car;2020;REF D HB41;NO2;Urban;TØ,9-10h,1-2km;0.018119762;;;;;
2020ColdAverage[4.1];pass. car;2020;REF D HB41;NO2;Urban;TØ,10-11h,1-2km;0.017900014;;;;;
2020ColdAverage[4.1];pass. car;2020;REF D HB41;NO2;Urban;TØ,11-12h,1-2km;0.017679669;;;;;
2020ColdAverage[4.1];pass. car;2020;REF D HB41;NO2;Urban;TØ,>12h,1-2km;0.017569279;;;;;
2020ColdAverage[4.1];pass. car;2020;REF D HB41;CH4;Urban;TØ,0-1h,0-1km;0.01499084;;;;;
2020ColdAverage[4.1];pass. car;2020;REF D HB41;CH4;Urban;TØ,1-2h,0-1km;0.037598204;;;;;
2020ColdAverage[4.1];pass. car;2020;REF D HB41;CH4;Urban;TØ,2-3h,0-1km;0.047620565;;;;;
2020ColdAverage[4.1];pass. car;2020;REF D HB41;CH4;Urban;TØ,3-4h,0-1km;0.054436687;;;;;
2020ColdAverage[4.1];pass. car;2020;REF D HB41;CH4;Urban;TØ,4-5h,0-1km;0.059328418;;;;;
2020ColdAverage[4.1];pass. car;2020;REF D HB41;CH4;Urban;TØ,5-6h,0-1km;0.062300626;;;;;
2020ColdAverage[4.1];pass. car;2020;REF D HB41;CH4;Urban;TØ,6-7h,0-1km;0.065272875;;;;;
2020ColdAverage[4.1];pass. car;2020;REF D HB41;CH4;Urban;TØ,7-8h,0-1km;0.068245068;;;;;
2020ColdAverage[4.1];pass. car;2020;REF D HB41;CH4;Urban;TØ,8-9h,0-1km;0.071217299;;;;;
2020ColdAverage[4.1];pass. car;2020;REF D HB41;CH4;Urban;TØ,9-10h,0-1km;0.074189492;;;;;
2020ColdAverage[4.1];pass. car;2020;REF D HB41;CH4;Urban;TØ,10-11h,0-1km;0.077161729;;;;;
2020ColdAverage[4.1];pass. car;2020;REF D HB41;CH4;Urban;TØ,11-12h,0-1km;0.080133915;;;;;
2020ColdAverage[4.1];pass. car;2020;REF D HB41;CH4;Urban;TØ,>12h,0-1km;0.081620038;;;;;
2020ColdAverage[4.1];pass. car;2020;REF D HB41;CH4;Urban;TØ,0-1h,1-2km;0.015127067;;;;;
2020ColdAverage[4.1];pass. car;2020;REF D HB41;CH4;Urban;TØ,1-2h,1-2km;0.038173016;;;;;
2020ColdAverage[4.1];pass. car;2020;REF D HB41;CH4;Urban;TØ,2-3h,1-2km;0.048373476;;;;;
2020ColdAverage[4.1];pass. car;2020;REF D HB41;CH4;Urban;TØ,3-4h,1-2km;0.055300955;;;;;
2020ColdAverage[4.1];pass. car;2020;REF D HB41;CH4;Urban;TØ,4-5h,1-2km;0.060272776;;;;;
2020ColdAverage[4.1];pass. car;2020;REF D HB41;CH4;Urban;TØ,5-6h,1-2km;0.063292317;;;;;
2020ColdAverage[4.1];pass. car;2020;REF D HB41;CH4;Urban;TØ,6-7h,1-2km;0.066311851;;;;;
2020ColdAverage[4.1];pass. car;2020;REF D HB41;CH4;Urban;TØ,7-8h,1-2km;0.069331355;;;;;
2020ColdAverage[4.1];pass. car;2020;REF D HB41;CH4;Urban;TØ,8-9h,1-2km;0.072350889;;;;;
2020ColdAverage[4.1];pass. car;2020;REF D HB41;CH4;Urban;TØ,9-10h,1-2km;0.075370394;;;;;
2020ColdAverage[4.1];pass. car;2020;REF D HB41;CH4;Urban;TØ,10-11h,1-2km;0.078389935;;;;;
2020ColdAverage[4.1];pass. car;2020;REF D HB41;CH4;Urban;TØ,11-12h,1-2km;0.081409454;;;;;
2020ColdAverage[4.1];pass. car;2020;REF D HB41;CH4;Urban;TØ,>12h,1-2km;0.082919233;;;;;
2020ColdAverage[4.1];pass. car;2020;REF D HB41;NMHC;Urban;TØ,0-1h,0-1km;0.265551716;;;;;
2020ColdAverage[4.1];pass. car;2020;REF D HB41;NMHC;Urban;TØ,1-2h,0-1km;0.661005795;;;;;
2020ColdAverage[4.1];pass. car;2020;REF D HB41;NMHC;Urban;TØ,2-3h,0-1km;0.835739076;;;;;
2020ColdAverage[4.1];pass. car;2020;REF D HB41;NMHC;Urban;TØ,3-4h,0-1km;0.955029309;;;;;
2020ColdAverage[4.1];pass. car;2020;REF D HB41;NMHC;Urban;TØ,4-5h,0-1km;1.040675759;;;;;
2020ColdAverage[4.1];pass. car;2020;REF D HB41;NMHC;Urban;TØ,5-6h,0-1km;1.092811346;;;;;
2020ColdAverage[4.1];pass. car;2020;REF D HB41;NMHC;Urban;TØ,6-7h,0-1km;1.144946694;;;;;
2020ColdAverage[4.1];pass. car;2020;REF D HB41;NMHC;Urban;TØ,7-8h,0-1km;1.197082281;;;;;
2020ColdAverage[4.1];pass. car;2020;REF D HB41;NMHC;Urban;TØ,8-9h,0-1km;1.249217868;;;;;
2020ColdAverage[4.1];pass. car;2020;REF D HB41;NMHC;Urban;TØ,9-10h,0-1km;1.301353097;;;;;
2020ColdAverage[4.1];pass. car;2020;REF D HB41;NMHC;Urban;TØ,10-11h,0-1km;1.353488445;;;;;
2020ColdAverage[4.1];pass. car;2020;REF D HB41;NMHC;Urban;TØ,11-12h,0-1km;1.405623913;;;;;
2020ColdAverage[4.1];pass. car;2020;REF D HB41;NMHC;Urban;TØ,>12h,0-1km;1.431691766;;;;;
2020ColdAverage[4.1];pass. car;2020;REF D HB41;NMHC;Urban;TØ,0-1h,1-2km;0.270253778;;;;;
2020ColdAverage[4.1];pass. car;2020;REF D HB41;NMHC;Urban;TØ,1-2h,1-2km;0.681474149;;;;;
2020ColdAverage[4.1];pass. car;2020;REF D HB41;NMHC;Urban;TØ,2-3h,1-2km;0.86272037;;;;;
2020ColdAverage[4.1];pass. car;2020;REF D HB41;NMHC;Urban;TØ,3-4h,1-2km;0.985974133;;;;;
2020ColdAverage[4.1];pass. car;2020;REF D HB41;NMHC;Urban;TØ,4-5h,1-2km;1.074455261;;;;;
2020ColdAverage[4.1];pass. car;2020;REF D HB41;NMHC;Urban;TØ,5-6h,1-2km;1.128282547;;;;;
2020ColdAverage[4.1];pass. car;2020;REF D HB41;NMHC;Urban;TØ,6-7h,1-2km;1.182110548;;;;;
2020ColdAverage[4.1];pass. car;2020;REF D HB41;NMHC;Urban;TØ,7-8h,1-2km;1.235938311;;;;;
2020ColdAverage[4.1];pass. car;2020;REF D HB41;NMHC;Urban;TØ,8-9h,1-2km;1.28976655;;;;;
2020ColdAverage[4.1];pass. car;2020;REF D HB41;NMHC;Urban;TØ,9-10h,1-2km;1.343593836;;;;;
2020ColdAverage[4.1];pass. car;2020;REF D HB41;NMHC;Urban;TØ,10-11h,1-2km;1.397421122;;;;;
2020ColdAverage[4.1];pass. car;2020;REF D HB41;NMHC;Urban;TØ,11-12h,1-2km;1.451249123;;;;;
2020ColdAverage[4.1];pass. car;2020;REF D HB41;NMHC;Urban;TØ,>12h,1-2km;1.478162885;;;;;
2020ColdAverage[4.1];pass. car;2020;REF D HB41;Pb;Urban;TØ,0-1h,0-1km;0;;;;;
2020ColdAverage[4.1];pass. car;2020;REF D HB41;Pb;Urban;TØ,1-2h,0-1km;0;;;;;
2020ColdAverage[4.1];pass. car;2020;REF D HB41;Pb;Urban;TØ,2-3h,0-1km;0;;;;;
2020ColdAverage[4.1];pass. car;2020;REF D HB41;Pb;Urban;TØ,3-4h,0-1km;0;;;;;
2020ColdAverage[4.1];pass. car;2020;REF D HB41;Pb;Urban;TØ,4-5h,0-1km;0;;;;;
2020ColdAverage[4.1];pass. car;2020;REF D HB41;Pb;Urban;TØ,5-6h,0-1km;0;;;;;
2020ColdAverage[4.1];pass. car;2020;REF D HB41;Pb;Urban;TØ,6-7h,0-1km;0;;;;;
2020ColdAverage[4.1];pass. car;2020;REF D HB41;Pb;Urban;TØ,7-8h,0-1km;0;;;;;
2020ColdAverage[4.1];pass. car;2020;REF D HB41;Pb;Urban;TØ,8-9h,0-1km;0;;;;;
2020ColdAverage[4.1];pass. car;2020;REF D HB41;Pb;Urban;TØ,9-10h,0-1km;0;;;;;
2020ColdAverage[4.1];pass. car;2020;REF D HB41;Pb;Urban;TØ,10-11h,0-1km;0;;;;;
2020ColdAverage[4.1];pass. car;2020;REF D HB41;Pb;Urban;TØ,11-12h,0-1km;0;;;;;
2020ColdAverage[4.1];pass. car;2020;REF D HB41;Pb;Urban;TØ,>12h,0-1km;0;;;;;
2020ColdAverage[4.1];pass. car;2020;REF D HB41;Pb;Urban;TØ,0-1h,1-2km;0;;;;;
2020ColdAverage[4.1];pass. car;2020;REF D HB41;Pb;Urban;TØ,1-2h,1-2km;0;;;;;
2020ColdAverage[4.1];pass. car;2020;REF D HB41;Pb;Urban;TØ,2-3h,1-2km;0;;;;;
2020ColdAverage[4.1];pass. car;2020;REF D HB41;Pb;Urban;TØ,3-4h,1-2km;0;;;;;
2020ColdAverage[4.1];pass. car;2020;REF D HB41;Pb;Urban;TØ,4-5h,1-2km;0;;;;;
2020ColdAverage[4.1];pass. car;2020;REF D HB41;Pb;Urban;TØ,5-6h,1-2km;0;;;;;
2020ColdAverage[4.1];pass. car;2020;REF D HB41;Pb;Urban;TØ,6-7h,1-2km;0;;;;;
2020ColdAverage[4.1];pass. car;2020;REF D HB41;Pb;Urban;TØ,7-8h,1-2km;0;;;;;
2020ColdAverage[4.1];pass. car;2020;REF D HB41;Pb;Urban;TØ,8-9h,1-2km;0;;;;;
2020ColdAverage[4.1];pass. car;2020;REF D HB41;Pb;Urban;TØ,9-10h,1-2km;0;;;;;
2020ColdAverage[4.1];pass. car;2020;REF D HB41;Pb;Urban;TØ,10-11h,1-2km;0;;;;;
2020ColdAverage[4.1];pass. car;2020;REF D HB41;Pb;Urban;TØ,11-12h,1-2km;0;;;;;
2020ColdAverage[4.1];pass. car;2020;REF D HB41;Pb;Urban;TØ,>12h,1-2km;0;;;;;
2020ColdAverage[4.1];pass. car;2020;REF D HB41;SO2;Urban;TØ,0-1h,0-1km;2.45E-05;;;;;
2020ColdAverage[4.1];pass. car;2020;REF D HB41;SO2;Urban;TØ,1-2h,0-1km;4.75E-05;;;;;
2020ColdAverage[4.1];pass. car;2020;REF D HB41;SO2;Urban;TØ,2-3h,0-1km;7.09E-05;;;;;
2020ColdAverage[4.1];pass. car;2020;REF D HB41;SO2;Urban;TØ,3-4h,0-1km;9.69E-05;;;;;
2020ColdAverage[4.1];pass. car;2020;REF D HB41;SO2;Urban;TØ,4-5h,0-1km;0.000123189;;;;;
2020ColdAverage[4.1];pass. car;2020;REF D HB41;SO2;Urban;TØ,5-6h,0-1km;0.000150564;;;;;
2020ColdAverage[4.1];pass. car;2020;REF D HB41;SO2;Urban;TØ,6-7h,0-1km;0.00017794;;;;;
2020ColdAverage[4.1];pass. car;2020;REF D HB41;SO2;Urban;TØ,7-8h,0-1km;0.000205315;;;;;
2020ColdAverage[4.1];pass. car;2020;REF D HB41;SO2;Urban;TØ,8-9h,0-1km;0.00023269;;;;;
2020ColdAverage[4.1];pass. car;2020;REF D HB41;SO2;Urban;TØ,9-10h,0-1km;0.000260066;;;;;
2020ColdAverage[4.1];pass. car;2020;REF D HB41;SO2;Urban;TØ,10-11h,0-1km;0.000287441;;;;;
2020ColdAverage[4.1];pass. car;2020;REF D HB41;SO2;Urban;TØ,11-12h,0-1km;0.000314816;;;;;
2020ColdAverage[4.1];pass. car;2020;REF D HB41;SO2;Urban;TØ,>12h,0-1km;0.000328635;;;;;
2020ColdAverage[4.1];pass. car;2020;REF D HB41;SO2;Urban;TØ,0-1h,1-2km;3.88E-05;;;;;
2020ColdAverage[4.1];pass. car;2020;REF D HB41;SO2;Urban;TØ,1-2h,1-2km;0.000100596;;;;;
2020ColdAverage[4.1];pass. car;2020;REF D HB41;SO2;Urban;TØ,2-3h,1-2km;0.000157783;;;;;
2020ColdAverage[4.1];pass. car;2020;REF D HB41;SO2;Urban;TØ,3-4h,1-2km;0.000217776;;;;;
2020ColdAverage[4.1];pass. car;2020;REF D HB41;SO2;Urban;TØ,4-5h,1-2km;0.000278068;;;;;
2020ColdAverage[4.1];pass. car;2020;REF D HB41;SO2;Urban;TØ,5-6h,1-2km;0.000339861;;;;;
2020ColdAverage[4.1];pass. car;2020;REF D HB41;SO2;Urban;TØ,6-7h,1-2km;0.000401654;;;;;
2020ColdAverage[4.1];pass. car;2020;REF D HB41;SO2;Urban;TØ,7-8h,1-2km;0.000463447;;;;;
2020ColdAverage[4.1];pass. car;2020;REF D HB41;SO2;Urban;TØ,8-9h,1-2km;0.00052524;;;;;
2020ColdAverage[4.1];pass. car;2020;REF D HB41;SO2;Urban;TØ,9-10h,1-2km;0.000587033;;;;;
2020ColdAverage[4.1];pass. car;2020;REF D HB41;SO2;Urban;TØ,10-11h,1-2km;0.000648826;;;;;
2020ColdAverage[4.1];pass. car;2020;REF D HB41;SO2;Urban;TØ,11-12h,1-2km;0.000710619;;;;;
2020ColdAverage[4.1];pass. car;2020;REF D HB41;SO2;Urban;TØ,>12h,1-2km;0.000741813;;;;;
2020ColdAverage[4.1];pass. car;2020;REF D HB41;Benzene;Urban;TØ,0-1h,0-1km;0.018397009;;;;;
2020ColdAverage[4.1];pass. car;2020;REF D HB41;Benzene;Urban;TØ,1-2h,0-1km;0.046353839;;;;;
2020ColdAverage[4.1];pass. car;2020;REF D HB41;Benzene;Urban;TØ,2-3h,0-1km;0.058770068;;;;;
2020ColdAverage[4.1];pass. car;2020;REF D HB41;Benzene;Urban;TØ,3-4h,0-1km;0.067195602;;;;;
2020ColdAverage[4.1];pass. car;2020;REF D HB41;Benzene;Urban;TØ,4-5h,0-1km;0.073240884;;;;;
2020ColdAverage[4.1];pass. car;2020;REF D HB41;Benzene;Urban;TØ,5-6h,0-1km;0.076910101;;;;;
2020ColdAverage[4.1];pass. car;2020;REF D HB41;Benzene;Urban;TØ,6-7h,0-1km;0.080579273;;;;;
2020ColdAverage[4.1];pass. car;2020;REF D HB41;Benzene;Urban;TØ,7-8h,0-1km;0.084248453;;;;;
2020ColdAverage[4.1];pass. car;2020;REF D HB41;Benzene;Urban;TØ,8-9h,0-1km;0.087917671;;;;;
2020ColdAverage[4.1];pass. car;2020;REF D HB41;Benzene;Urban;TØ,9-10h,0-1km;0.091586865;;;;;
2020ColdAverage[4.1];pass. car;2020;REF D HB41;Benzene;Urban;TØ,10-11h,0-1km;0.095256075;;;;;
2020ColdAverage[4.1];pass. car;2020;REF D HB41;Benzene;Urban;TØ,11-12h,0-1km;0.09892527;;;;;
2020ColdAverage[4.1];pass. car;2020;REF D HB41;Benzene;Urban;TØ,>12h,0-1km;0.100759864;;;;;
2020ColdAverage[4.1];pass. car;2020;REF D HB41;Benzene;Urban;TØ,0-1h,1-2km;0.01845921;;;;;
2020ColdAverage[4.1];pass. car;2020;REF D HB41;Benzene;Urban;TØ,1-2h,1-2km;0.046619441;;;;;
2020ColdAverage[4.1];pass. car;2020;REF D HB41;Benzene;Urban;TØ,2-3h,1-2km;0.059120387;;;;;
2020ColdAverage[4.1];pass. car;2020;REF D HB41;Benzene;Urban;TØ,3-4h,1-2km;0.067600563;;;;;
2020ColdAverage[4.1];pass. car;2020;REF D HB41;Benzene;Urban;TØ,4-5h,1-2km;0.073685616;;;;;
2020ColdAverage[4.1];pass. car;2020;REF D HB41;Benzene;Urban;TØ,5-6h,1-2km;0.077377088;;;;;
2020ColdAverage[4.1];pass. car;2020;REF D HB41;Benzene;Urban;TØ,6-7h,1-2km;0.081068553;;;;;
2020ColdAverage[4.1];pass. car;2020;REF D HB41;Benzene;Urban;TØ,7-8h,1-2km;0.08476004;;;;;
2020ColdAverage[4.1];pass. car;2020;REF D HB41;Benzene;Urban;TØ,8-9h,1-2km;0.088451535;;;;;
2020ColdAverage[4.1];pass. car;2020;REF D HB41;Benzene;Urban;TØ,9-10h,1-2km;0.092143022;;;;;
2020ColdAverage[4.1];pass. car;2020;REF D HB41;Benzene;Urban;TØ,10-11h,1-2km;0.095834456;;;;;
2020ColdAverage[4.1];pass. car;2020;REF D HB41;Benzene;Urban;TØ,11-12h,1-2km;0.099525966;;;;;
2020ColdAverage[4.1];pass. car;2020;REF D HB41;Benzene;Urban;TØ,>12h,1-2km;0.101371691;;;;;
2020ColdAverage[4.1];pass. car;2020;REF D HB41;PM2.5;Urban;TØ,0-1h,0-1km;0.000590066;;;;;
2020ColdAverage[4.1];pass. car;2020;REF D HB41;PM2.5;Urban;TØ,1-2h,0-1km;0.001017269;;;;;
2020ColdAverage[4.1];pass. car;2020;REF D HB41;PM2.5;Urban;TØ,2-3h,0-1km;0.001123909;;;;;
2020ColdAverage[4.1];pass. car;2020;REF D HB41;PM2.5;Urban;TØ,3-4h,0-1km;0.00126467;;;;;
2020ColdAverage[4.1];pass. car;2020;REF D HB41;PM2.5;Urban;TØ,4-5h,0-1km;0.001381637;;;;;
2020ColdAverage[4.1];pass. car;2020;REF D HB41;PM2.5;Urban;TØ,5-6h,0-1km;0.001480618;;;;;
2020ColdAverage[4.1];pass. car;2020;REF D HB41;PM2.5;Urban;TØ,6-7h,0-1km;0.00158373;;;;;
2020ColdAverage[4.1];pass. car;2020;REF D HB41;PM2.5;Urban;TØ,7-8h,0-1km;0.001691235;;;;;
2020ColdAverage[4.1];pass. car;2020;REF D HB41;PM2.5;Urban;TØ,8-9h,0-1km;0.001803415;;;;;
2020ColdAverage[4.1];pass. car;2020;REF D HB41;PM2.5;Urban;TØ,9-10h,0-1km;0.001920577;;;;;
2020ColdAverage[4.1];pass. car;2020;REF D HB41;PM2.5;Urban;TØ,10-11h,0-1km;0.002043054;;;;;
2020ColdAverage[4.1];pass. car;2020;REF D HB41;PM2.5;Urban;TØ,11-12h,0-1km;0.002171212;;;;;
2020ColdAverage[4.1];pass. car;2020;REF D HB41;PM2.5;Urban;TØ,>12h,0-1km;0.002237347;;;;;
2020ColdAverage[4.1];pass. car;2020;REF D HB41;PM2.5;Urban;TØ,0-1h,1-2km;0.001153914;;;;;
2020ColdAverage[4.1];pass. car;2020;REF D HB41;PM2.5;Urban;TØ,1-2h,1-2km;0.002360891;;;;;
2020ColdAverage[4.1];pass. car;2020;REF D HB41;PM2.5;Urban;TØ,2-3h,1-2km;0.002732825;;;;;
2020ColdAverage[4.1];pass. car;2020;REF D HB41;PM2.5;Urban;TØ,3-4h,1-2km;0.003088981;;;;;
2020ColdAverage[4.1];pass. car;2020;REF D HB41;PM2.5;Urban;TØ,4-5h,1-2km;0.003372615;;;;;
2020ColdAverage[4.1];pass. car;2020;REF D HB41;PM2.5;Urban;TØ,5-6h,1-2km;0.00359367;;;;;
2020ColdAverage[4.1];pass. car;2020;REF D HB41;PM2.5;Urban;TØ,6-7h,1-2km;0.003820826;;;;;
2020ColdAverage[4.1];pass. car;2020;REF D HB41;PM2.5;Urban;TØ,7-8h,1-2km;0.004054214;;;;;
2020ColdAverage[4.1];pass. car;2020;REF D HB41;PM2.5;Urban;TØ,8-9h,1-2km;0.004293947;;;;;
2020ColdAverage[4.1];pass. car;2020;REF D HB41;PM2.5;Urban;TØ,9-10h,1-2km;0.004540117;;;;;
2020ColdAverage[4.1];pass. car;2020;REF D HB41;PM2.5;Urban;TØ,10-11h,1-2km;0.004792784;;;;;
2020ColdAverage[4.1];pass. car;2020;REF D HB41;PM2.5;Urban;TØ,11-12h,1-2km;0.005051963;;;;;
2020ColdAverage[4.1];pass. car;2020;REF D HB41;PM2.5;Urban;TØ,>12h,1-2km;0.005183788;;;;;
2020ColdAverage[4.1];pass. car;2020;REF D HB41;BC (exhaust);Urban;TØ,0-1h,0-1km;0.000289713;;;;;
2020ColdAverage[4.1];pass. car;2020;REF D HB41;BC (exhaust);Urban;TØ,1-2h,0-1km;0.000478693;;;;;
2020ColdAverage[4.1];pass. car;2020;REF D HB41;BC (exhaust);Urban;TØ,2-3h,0-1km;0.000525294;;;;;
2020ColdAverage[4.1];pass. car;2020;REF D HB41;BC (exhaust);Urban;TØ,3-4h,0-1km;0.000590683;;;;;
2020ColdAverage[4.1];pass. car;2020;REF D HB41;BC (exhaust);Urban;TØ,4-5h,0-1km;0.000645374;;;;;
2020ColdAverage[4.1];pass. car;2020;REF D HB41;BC (exhaust);Urban;TØ,5-6h,0-1km;0.0006922;;;;;
2020ColdAverage[4.1];pass. car;2020;REF D HB41;BC (exhaust);Urban;TØ,6-7h,0-1km;0.000741071;;;;;
2020ColdAverage[4.1];pass. car;2020;REF D HB41;BC (exhaust);Urban;TØ,7-8h,0-1km;0.000792123;;;;;
2020ColdAverage[4.1];pass. car;2020;REF D HB41;BC (exhaust);Urban;TØ,8-9h,0-1km;0.000845504;;;;;
2020ColdAverage[4.1];pass. car;2020;REF D HB41;BC (exhaust);Urban;TØ,9-10h,0-1km;0.000901376;;;;;
2020ColdAverage[4.1];pass. car;2020;REF D HB41;BC (exhaust);Urban;TØ,10-11h,0-1km;0.000959919;;;;;
2020ColdAverage[4.1];pass. car;2020;REF D HB41;BC (exhaust);Urban;TØ,11-12h,0-1km;0.001021326;;;;;
2020ColdAverage[4.1];pass. car;2020;REF D HB41;BC (exhaust);Urban;TØ,>12h,0-1km;0.00105307;;;;;
2020ColdAverage[4.1];pass. car;2020;REF D HB41;BC (exhaust);Urban;TØ,0-1h,1-2km;0.000671438;;;;;
2020ColdAverage[4.1];pass. car;2020;REF D HB41;BC (exhaust);Urban;TØ,1-2h,1-2km;0.001243706;;;;;
2020ColdAverage[4.1];pass. car;2020;REF D HB41;BC (exhaust);Urban;TØ,2-3h,1-2km;0.001397992;;;;;
2020ColdAverage[4.1];pass. car;2020;REF D HB41;BC (exhaust);Urban;TØ,3-4h,1-2km;0.001575749;;;;;
2020ColdAverage[4.1];pass. car;2020;REF D HB41;BC (exhaust);Urban;TØ,4-5h,1-2km;0.001721092;;;;;
2020ColdAverage[4.1];pass. car;2020;REF D HB41;BC (exhaust);Urban;TØ,5-6h,1-2km;0.001840441;;;;;
2020ColdAverage[4.1];pass. car;2020;REF D HB41;BC (exhaust);Urban;TØ,6-7h,1-2km;0.001964171;;;;;
2020ColdAverage[4.1];pass. car;2020;REF D HB41;BC (exhaust);Urban;TØ,7-8h,1-2km;0.002092511;;;;;
2020ColdAverage[4.1];pass. car;2020;REF D HB41;BC (exhaust);Urban;TØ,8-9h,1-2km;0.0022257;;;;;
2020ColdAverage[4.1];pass. car;2020;REF D HB41;BC (exhaust);Urban;TØ,9-10h,1-2km;0.002363996;;;;;
2020ColdAverage[4.1];pass. car;2020;REF D HB41;BC (exhaust);Urban;TØ,10-11h,1-2km;0.002507668;;;;;
2020ColdAverage[4.1];pass. car;2020;REF D HB41;BC (exhaust);Urban;TØ,11-12h,1-2km;0.002657004;;;;;
2020ColdAverage[4.1];pass. car;2020;REF D HB41;BC (exhaust);Urban;TØ,>12h,1-2km;0.002733698;;;;;
2020ColdAverage[4.1];pass. car;2020;REF D HB41;CO2e;Urban;TØ,0-1h,0-1km;5.109712601;;1.121991634;;6.231704235;
2020ColdAverage[4.1];pass. car;2020;REF D HB41;CO2e;Urban;TØ,1-2h,0-1km;10.13629627;;2.177889347;;12.3141861;
2020ColdAverage[4.1];pass. car;2020;REF D HB41;CO2e;Urban;TØ,2-3h,0-1km;14.93011284;;3.253671885;;18.18378448;
2020ColdAverage[4.1];pass. car;2020;REF D HB41;CO2e;Urban;TØ,3-4h,0-1km;20.14479637;;4.448170185;;24.59296608;
2020ColdAverage[4.1];pass. car;2020;REF D HB41;CO2e;Urban;TØ,4-5h,0-1km;25.36070251;;5.654352188;;31.0150547;
2020ColdAverage[4.1];pass. car;2020;REF D HB41;CO2e;Urban;TØ,5-6h,0-1km;30.74111176;;6.910874367;;37.65198517;
2020ColdAverage[4.1];pass. car;2020;REF D HB41;CO2e;Urban;TØ,6-7h,0-1km;36.12154007;;8.167399406;;44.28894043;
2020ColdAverage[4.1];pass. car;2020;REF D HB41;CO2e;Urban;TØ,7-8h,0-1km;41.50194931;;9.423920631;;50.92586899;
2020ColdAverage[4.1];pass. car;2020;REF D HB41;CO2e;Urban;TØ,8-9h,0-1km;46.88237;;10.68044281;;57.56281281;
2020ColdAverage[4.1];pass. car;2020;REF D HB41;CO2e;Urban;TØ,9-10h,0-1km;52.26277924;;11.9369669;;64.19974518;
2020ColdAverage[4.1];pass. car;2020;REF D HB41;CO2e;Urban;TØ,10-11h,0-1km;57.64319611;;13.19348907;;70.83668518;
2020ColdAverage[4.1];pass. car;2020;REF D HB41;CO2e;Urban;TØ,11-12h,0-1km;63.02360916;;14.45001221;;77.47361755;
2020ColdAverage[4.1];pass. car;2020;REF D HB41;CO2e;Urban;TØ,>12h,0-1km;65.73929596;;15.08430767;;80.82360077;
2020ColdAverage[4.1];pass. car;2020;REF D HB41;CO2e;Urban;TØ,0-1h,1-2km;7.835350513;;1.769385695;;9.604736328;
2020ColdAverage[4.1];pass. car;2020;REF D HB41;CO2e;Urban;TØ,1-2h,1-2km;20.35654259;;4.59964323;;24.95618629;
2020ColdAverage[4.1];pass. car;2020;REF D HB41;CO2e;Urban;TØ,2-3h,1-2km;31.67054558;;7.21982193;;38.8903656;
2020ColdAverage[4.1];pass. car;2020;REF D HB41;CO2e;Urban;TØ,3-4h,1-2km;43.43369675;;9.966424942;;53.4001236;
2020ColdAverage[4.1];pass. car;2020;REF D HB41;CO2e;Urban;TØ,4-5h,1-2km;55.20484924;;12.72656059;;67.93141174;
2020ColdAverage[4.1];pass. car;2020;REF D HB41;CO2e;Urban;TØ,5-6h,1-2km;67.21322632;;15.55468369;;82.76791382;
2020ColdAverage[4.1];pass. car;2020;REF D HB41;CO2e;Urban;TØ,6-7h,1-2km;79.22158813;;18.38280869;;97.60440063;
2020ColdAverage[4.1];pass. car;2020;REF D HB41;CO2e;Urban;TØ,7-8h,1-2km;91.22999573;;21.21093369;;112.4409332;
2020ColdAverage[4.1];pass. car;2020;REF D HB41;CO2e;Urban;TØ,8-9h,1-2km;103.2383652;;24.03905869;;127.27742;
2020ColdAverage[4.1];pass. car;2020;REF D HB41;CO2e;Urban;TØ,9-10h,1-2km;115.2467804;;26.86717987;;142.1139526;
2020ColdAverage[4.1];pass. car;2020;REF D HB41;CO2e;Urban;TØ,10-11h,1-2km;127.255127;;29.6953125;;156.9504395;
2020ColdAverage[4.1];pass. car;2020;REF D HB41;CO2e;Urban;TØ,11-12h,1-2km;139.2635651;;32.52343369;;171.7870026;
2020ColdAverage[4.1];pass. car;2020;REF D HB41;CO2e;Urban;TØ,>12h,1-2km;145.3249969;;33.95107269;;179.276062;
2020ColdAverage[4.1];HGV;2020;REF D HB41;HC;Urban;TØ,0-1h,0-1km;0;;;;;
2020ColdAverage[4.1];HGV;2020;REF D HB41;HC;Urban;TØ,1-2h,0-1km;0;;;;;
2020ColdAverage[4.1];HGV;2020;REF D HB41;HC;Urban;TØ,2-3h,0-1km;0;;;;;
2020ColdAverage[4.1];HGV;2020;REF D HB41;HC;Urban;TØ,3-4h,0-1km;0;;;;;
2020ColdAverage[4.1];HGV;2020;REF D HB41;HC;Urban;TØ,4-5h,0-1km;0;;;;;
2020ColdAverage[4.1];HGV;2020;REF D HB41;HC;Urban;TØ,5-6h,0-1km;0;;;;;
2020ColdAverage[4.1];HGV;2020;REF D HB41;HC;Urban;TØ,6-7h,0-1km;0;;;;;
2020ColdAverage[4.1];HGV;2020;REF D HB41;HC;Urban;TØ,7-8h,0-1km;0;;;;;
2020ColdAverage[4.1];HGV;2020;REF D HB41;HC;Urban;TØ,8-9h,0-1km;0;;;;;
2020ColdAverage[4.1];HGV;2020;REF D HB41;HC;Urban;TØ,9-10h,0-1km;0;;;;;
2020ColdAverage[4.1];HGV;2020;REF D HB41;HC;Urban;TØ,10-11h,0-1km;0;;;;;
2020ColdAverage[4.1];HGV;2020;REF D HB41;HC;Urban;TØ,11-12h,0-1km;0;;;;;
2020ColdAverage[4.1];HGV;2020;REF D HB41;HC;Urban;TØ,>12h,0-1km;0;;;;;
2020ColdAverage[4.1];HGV;2020;REF D HB41;HC;Urban;TØ,0-1h,1-2km;0;;;;;
2020ColdAverage[4.1];HGV;2020;REF D HB41;HC;Urban;TØ,1-2h,1-2km;0;;;;;
2020ColdAverage[4.1];HGV;2020;REF D HB41;HC;Urban;TØ,2-3h,1-2km;0;;;;;
2020ColdAverage[4.1];HGV;2020;REF D HB41;HC;Urban;TØ,3-4h,1-2km;0;;;;;
2020ColdAverage[4.1];HGV;2020;REF D HB41;HC;Urban;TØ,4-5h,1-2km;0;;;;;
2020ColdAverage[4.1];HGV;2020;REF D HB41;HC;Urban;TØ,5-6h,1-2km;0;;;;;
2020ColdAverage[4.1];HGV;2020;REF D HB41;HC;Urban;TØ,6-7h,1-2km;0;;;;;
2020ColdAverage[4.1];HGV;2020;REF D HB41;HC;Urban;TØ,7-8h,1-2km;0;;;;;
2020ColdAverage[4.1];HGV;2020;REF D HB41;HC;Urban;TØ,8-9h,1-2km;0;;;;;
2020ColdAverage[4.1];HGV;2020;REF D HB41;HC;Urban;TØ,9-10h,1-2km;0;;;;;
2020ColdAverage[4.1];HGV;2020;REF D HB41;HC;Urban;TØ,10-11h,1-2km;0;;;;;
2020ColdAverage[4.1];HGV;2020;REF D HB41;HC;Urban;TØ,11-12h,1-2km;0;;;;;
2020ColdAverage[4.1];HGV;2020;REF D HB41;HC;Urban;TØ,>12h,1-2km;0;;;;;
2020ColdAverage[4.1];HGV;2020;REF D HB41;CO;Urban;TØ,0-1h,0-1km;0;;;;;
2020ColdAverage[4.1];HGV;2020;REF D HB41;CO;Urban;TØ,1-2h,0-1km;0;;;;;
2020ColdAverage[4.1];HGV;2020;REF D HB41;CO;Urban;TØ,2-3h,0-1km;0;;;;;
2020ColdAverage[4.1];HGV;2020;REF D HB41;CO;Urban;TØ,3-4h,0-1km;0;;;;;
2020ColdAverage[4.1];HGV;2020;REF D HB41;CO;Urban;TØ,4-5h,0-1km;0;;;;;
2020ColdAverage[4.1];HGV;2020;REF D HB41;CO;Urban;TØ,5-6h,0-1km;0;;;;;
2020ColdAverage[4.1];HGV;2020;REF D HB41;CO;Urban;TØ,6-7h,0-1km;0;;;;;
2020ColdAverage[4.1];HGV;2020;REF D HB41;CO;Urban;TØ,7-8h,0-1km;0;;;;;
2020ColdAverage[4.1];HGV;2020;REF D HB41;CO;Urban;TØ,8-9h,0-1km;0;;;;;
2020ColdAverage[4.1];HGV;2020;REF D HB41;CO;Urban;TØ,9-10h,0-1km;0;;;;;
2020ColdAverage[4.1];HGV;2020;REF D HB41;CO;Urban;TØ,10-11h,0-1km;0;;;;;
2020ColdAverage[4.1];HGV;2020;REF D HB41;CO;Urban;TØ,11-12h,0-1km;0;;;;;
2020ColdAverage[4.1];HGV;2020;REF D HB41;CO;Urban;TØ,>12h,0-1km;0;;;;;
2020ColdAverage[4.1];HGV;2020;REF D HB41;CO;Urban;TØ,0-1h,1-2km;0;;;;;
2020ColdAverage[4.1];HGV;2020;REF D HB41;CO;Urban;TØ,1-2h,1-2km;0;;;;;
2020ColdAverage[4.1];HGV;2020;REF D HB41;CO;Urban;TØ,2-3h,1-2km;0;;;;;
2020ColdAverage[4.1];HGV;2020;REF D HB41;CO;Urban;TØ,3-4h,1-2km;0;;;;;
2020ColdAverage[4.1];HGV;2020;REF D HB41;CO;Urban;TØ,4-5h,1-2km;0;;;;;
2020ColdAverage[4.1];HGV;2020;REF D HB41;CO;Urban;TØ,5-6h,1-2km;0;;;;;
2020ColdAverage[4.1];HGV;2020;REF D HB41;CO;Urban;TØ,6-7h,1-2km;0;;;;;
2020ColdAverage[4.1];HGV;2020;REF D HB41;CO;Urban;TØ,7-8h,1-2km;0;;;;;
2020ColdAverage[4.1];HGV;2020;REF D HB41;CO;Urban;TØ,8-9h,1-2km;0;;;;;
2020ColdAverage[4.1];HGV;2020;REF D HB41;CO;Urban;TØ,9-10h,1-2km;0;;;;;
2020ColdAverage[4.1];HGV;2020;REF D HB41;CO;Urban;TØ,10-11h,1-2km;0;;;;;
2020ColdAverage[4.1];HGV;2020;REF D HB41;CO;Urban;TØ,11-12h,1-2km;0;;;;;
2020ColdAverage[4.1];HGV;2020;REF D HB41;CO;Urban;TØ,>12h,1-2km;0;;;;;
2020ColdAverage[4.1];HGV;2020;REF D HB41;NOx;Urban;TØ,0-1h,0-1km;0;;;;;
2020ColdAverage[4.1];HGV;2020;REF D HB41;NOx;Urban;TØ,1-2h,0-1km;0;;;;;
2020ColdAverage[4.1];HGV;2020;REF D HB41;NOx;Urban;TØ,2-3h,0-1km;0;;;;;
2020ColdAverage[4.1];HGV;2020;REF D HB41;NOx;Urban;TØ,3-4h,0-1km;0;;;;;
2020ColdAverage[4.1];HGV;2020;REF D HB41;NOx;Urban;TØ,4-5h,0-1km;0;;;;;
2020ColdAverage[4.1];HGV;2020;REF D HB41;NOx;Urban;TØ,5-6h,0-1km;0;;;;;
2020ColdAverage[4.1];HGV;2020;REF D HB41;NOx;Urban;TØ,6-7h,0-1km;0;;;;;
2020ColdAverage[4.1];HGV;2020;REF D HB41;NOx;Urban;TØ,7-8h,0-1km;0;;;;;
2020ColdAverage[4.1];HGV;2020;REF D HB41;NOx;Urban;TØ,8-9h,0-1km;0;;;;;
2020ColdAverage[4.1];HGV;2020;REF D HB41;NOx;Urban;TØ,9-10h,0-1km;0;;;;;
2020ColdAverage[4.1];HGV;2020;REF D HB41;NOx;Urban;TØ,10-11h,0-1km;0;;;;;
2020ColdAverage[4.1];HGV;2020;REF D HB41;NOx;Urban;TØ,11-12h,0-1km;0;;;;;
2020ColdAverage[4.1];HGV;2020;REF D HB41;NOx;Urban;TØ,>12h,0-1km;0;;;;;
2020ColdAverage[4.1];HGV;2020;REF D HB41;NOx;Urban;TØ,0-1h,1-2km;0;;;;;
2020ColdAverage[4.1];HGV;2020;REF D HB41;NOx;Urban;TØ,1-2h,1-2km;0;;;;;
2020ColdAverage[4.1];HGV;2020;REF D HB41;NOx;Urban;TØ,2-3h,1-2km;0;;;;;
2020ColdAverage[4.1];HGV;2020;REF D HB41;NOx;Urban;TØ,3-4h,1-2km;0;;;;;
2020ColdAverage[4.1];HGV;2020;REF D HB41;NOx;Urban;TØ,4-5h,1-2km;0;;;;;
2020ColdAverage[4.1];HGV;2020;REF D HB41;NOx;Urban;TØ,5-6h,1-2km;0;;;;;
2020ColdAverage[4.1];HGV;2020;REF D HB41;NOx;Urban;TØ,6-7h,1-2km;0;;;;;
2020ColdAverage[4.1];HGV;2020;REF D HB41;NOx;Urban;TØ,7-8h,1-2km;0;;;;;
2020ColdAverage[4.1];HGV;2020;REF D HB41;NOx;Urban;TØ,8-9h,1-2km;0;;;;;
2020ColdAverage[4.1];HGV;2020;REF D HB41;NOx;Urban;TØ,9-10h,1-2km;0;;;;;
2020ColdAverage[4.1];HGV;2020;REF D HB41;NOx;Urban;TØ,10-11h,1-2km;0;;;;;
2020ColdAverage[4.1];HGV;2020;REF D HB41;NOx;Urban;TØ,11-12h,1-2km;0;;;;;
2020ColdAverage[4.1];HGV;2020;REF D HB41;NOx;Urban;TØ,>12h,1-2km;0;;;;;
2020ColdAverage[4.1];HGV;2020;REF D HB41;FC;Urban;TØ,0-1h,0-1km;0;;;;;
2020ColdAverage[4.1];HGV;2020;REF D HB41;FC;Urban;TØ,1-2h,0-1km;0;;;;;
2020ColdAverage[4.1];HGV;2020;REF D HB41;FC;Urban;TØ,2-3h,0-1km;0;;;;;
2020ColdAverage[4.1];HGV;2020;REF D HB41;FC;Urban;TØ,3-4h,0-1km;0;;;;;
2020ColdAverage[4.1];HGV;2020;REF D HB41;FC;Urban;TØ,4-5h,0-1km;0;;;;;
2020ColdAverage[4.1];HGV;2020;REF D HB41;FC;Urban;TØ,5-6h,0-1km;0;;;;;
2020ColdAverage[4.1];HGV;2020;REF D HB41;FC;Urban;TØ,6-7h,0-1km;0;;;;;
2020ColdAverage[4.1];HGV;2020;REF D HB41;FC;Urban;TØ,7-8h,0-1km;0;;;;;
2020ColdAverage[4.1];HGV;2020;REF D HB41;FC;Urban;TØ,8-9h,0-1km;0;;;;;
2020ColdAverage[4.1];HGV;2020;REF D HB41;FC;Urban;TØ,9-10h,0-1km;0;;;;;
2020ColdAverage[4.1];HGV;2020;REF D HB41;FC;Urban;TØ,10-11h,0-1km;0;;;;;
2020ColdAverage[4.1];HGV;2020;REF D HB41;FC;Urban;TØ,11-12h,0-1km;0;;;;;
2020ColdAverage[4.1];HGV;2020;REF D HB41;FC;Urban;TØ,>12h,0-1km;0;;;;;
2020ColdAverage[4.1];HGV;2020;REF D HB41;FC;Urban;TØ,0-1h,1-2km;0;;;;;
2020ColdAverage[4.1];HGV;2020;REF D HB41;FC;Urban;TØ,1-2h,1-2km;0;;;;;
2020ColdAverage[4.1];HGV;2020;REF D HB41;FC;Urban;TØ,2-3h,1-2km;0;;;;;
2020ColdAverage[4.1];HGV;2020;REF D HB41;FC;Urban;TØ,3-4h,1-2km;0;;;;;
2020ColdAverage[4.1];HGV;2020;REF D HB41;FC;Urban;TØ,4-5h,1-2km;0;;;;;
2020ColdAverage[4.1];HGV;2020;REF D HB41;FC;Urban;TØ,5-6h,1-2km;0;;;;;
2020ColdAverage[4.1];HGV;2020;REF D HB41;FC;Urban;TØ,6-7h,1-2km;0;;;;;
2020ColdAverage[4.1];HGV;2020;REF D HB41;FC;Urban;TØ,7-8h,1-2km;0;;;;;
2020ColdAverage[4.1];HGV;2020;REF D HB41;FC;Urban;TØ,8-9h,1-2km;0;;;;;
2020ColdAverage[4.1];HGV;2020;REF D HB41;FC;Urban;TØ,9-10h,1-2km;0;;;;;
2020ColdAverage[4.1];HGV;2020;REF D HB41;FC;Urban;TØ,10-11h,1-2km;0;;;;;
2020ColdAverage[4.1];HGV;2020;REF D HB41;FC;Urban;TØ,11-12h,1-2km;0;;;;;
2020ColdAverage[4.1];HGV;2020;REF D HB41;FC;Urban;TØ,>12h,1-2km;0;;;;;
2020ColdAverage[4.1];HGV;2020;REF D HB41;FC_MJ;Urban;TØ,0-1h,0-1km;0;;;;;
2020ColdAverage[4.1];HGV;2020;REF D HB41;FC_MJ;Urban;TØ,1-2h,0-1km;0;;;;;
2020ColdAverage[4.1];HGV;2020;REF D HB41;FC_MJ;Urban;TØ,2-3h,0-1km;0;;;;;
2020ColdAverage[4.1];HGV;2020;REF D HB41;FC_MJ;Urban;TØ,3-4h,0-1km;0;;;;;
2020ColdAverage[4.1];HGV;2020;REF D HB41;FC_MJ;Urban;TØ,4-5h,0-1km;0;;;;;
2020ColdAverage[4.1];HGV;2020;REF D HB41;FC_MJ;Urban;TØ,5-6h,0-1km;0;;;;;
2020ColdAverage[4.1];HGV;2020;REF D HB41;FC_MJ;Urban;TØ,6-7h,0-1km;0;;;;;
2020ColdAverage[4.1];HGV;2020;REF D HB41;FC_MJ;Urban;TØ,7-8h,0-1km;0;;;;;
2020ColdAverage[4.1];HGV;2020;REF D HB41;FC_MJ;Urban;TØ,8-9h,0-1km;0;;;;;
2020ColdAverage[4.1];HGV;2020;REF D HB41;FC_MJ;Urban;TØ,9-10h,0-1km;0;;;;;
2020ColdAverage[4.1];HGV;2020;REF D HB41;FC_MJ;Urban;TØ,10-11h,0-1km;0;;;;;
2020ColdAverage[4.1];HGV;2020;REF D HB41;FC_MJ;Urban;TØ,11-12h,0-1km;0;;;;;
2020ColdAverage[4.1];HGV;2020;REF D HB41;FC_MJ;Urban;TØ,>12h,0-1km;0;;;;;
2020ColdAverage[4.1];HGV;2020;REF D HB41;FC_MJ;Urban;TØ,0-1h,1-2km;0;;;;;
2020ColdAverage[4.1];HGV;2020;REF D HB41;FC_MJ;Urban;TØ,1-2h,1-2km;0;;;;;
2020ColdAverage[4.1];HGV;2020;REF D HB41;FC_MJ;Urban;TØ,2-3h,1-2km;0;;;;;
2020ColdAverage[4.1];HGV;2020;REF D HB41;FC_MJ;Urban;TØ,3-4h,1-2km;0;;;;;
2020ColdAverage[4.1];HGV;2020;REF D HB41;FC_MJ;Urban;TØ,4-5h,1-2km;0;;;;;
2020ColdAverage[4.1];HGV;2020;REF D HB41;FC_MJ;Urban;TØ,5-6h,1-2km;0;;;;;
2020ColdAverage[4.1];HGV;2020;REF D HB41;FC_MJ;Urban;TØ,6-7h,1-2km;0;;;;;
2020ColdAverage[4.1];HGV;2020;REF D HB41;FC_MJ;Urban;TØ,7-8h,1-2km;0;;;;;
2020ColdAverage[4.1];HGV;2020;REF D HB41;FC_MJ;Urban;TØ,8-9h,1-2km;0;;;;;
2020ColdAverage[4.1];HGV;2020;REF D HB41;FC_MJ;Urban;TØ,9-10h,1-2km;0;;;;;
2020ColdAverage[4.1];HGV;2020;REF D HB41;FC_MJ;Urban;TØ,10-11h,1-2km;0;;;;;
2020ColdAverage[4.1];HGV;2020;REF D HB41;FC_MJ;Urban;TØ,11-12h,1-2km;0;;;;;
2020ColdAverage[4.1];HGV;2020;REF D HB41;FC_MJ;Urban;TØ,>12h,1-2km;0;;;;;
2020ColdAverage[4.1];HGV;2020;REF D HB41;PM;Urban;TØ,0-1h,0-1km;0;;;;;
2020ColdAverage[4.1];HGV;2020;REF D HB41;PM;Urban;TØ,1-2h,0-1km;0;;;;;
2020ColdAverage[4.1];HGV;2020;REF D HB41;PM;Urban;TØ,2-3h,0-1km;0;;;;;
2020ColdAverage[4.1];HGV;2020;REF D HB41;PM;Urban;TØ,3-4h,0-1km;0;;;;;
2020ColdAverage[4.1];HGV;2020;REF D HB41;PM;Urban;TØ,4-5h,0-1km;0;;;;;
2020ColdAverage[4.1];HGV;2020;REF D HB41;PM;Urban;TØ,5-6h,0-1km;0;;;;;
2020ColdAverage[4.1];HGV;2020;REF D HB41;PM;Urban;TØ,6-7h,0-1km;0;;;;;
2020ColdAverage[4.1];HGV;2020;REF D HB41;PM;Urban;TØ,7-8h,0-1km;0;;;;;
2020ColdAverage[4.1];HGV;2020;REF D HB41;PM;Urban;TØ,8-9h,0-1km;0;;;;;
2020ColdAverage[4.1];HGV;2020;REF D HB41;PM;Urban;TØ,9-10h,0-1km;0;;;;;
2020ColdAverage[4.1];HGV;2020;REF D HB41;PM;Urban;TØ,10-11h,0-1km;0;;;;;
2020ColdAverage[4.1];HGV;2020;REF D HB41;PM;Urban;TØ,11-12h,0-1km;0;;;;;
2020ColdAverage[4.1];HGV;2020;REF D HB41;PM;Urban;TØ,>12h,0-1km;0;;;;;
2020ColdAverage[4.1];HGV;2020;REF D HB41;PM;Urban;TØ,0-1h,1-2km;0;;;;;
2020ColdAverage[4.1];HGV;2020;REF D HB41;PM;Urban;TØ,1-2h,1-2km;0;;;;;
2020ColdAverage[4.1];HGV;2020;REF D HB41;PM;Urban;TØ,2-3h,1-2km;0;;;;;
2020ColdAverage[4.1];HGV;2020;REF D HB41;PM;Urban;TØ,3-4h,1-2km;0;;;;;
2020ColdAverage[4.1];HGV;2020;REF D HB41;PM;Urban;TØ,4-5h,1-2km;0;;;;;
2020ColdAverage[4.1];HGV;2020;REF D HB41;PM;Urban;TØ,5-6h,1-2km;0;;;;;
2020ColdAverage[4.1];HGV;2020;REF D HB41;PM;Urban;TØ,6-7h,1-2km;0;;;;;
2020ColdAverage[4.1];HGV;2020;REF D HB41;PM;Urban;TØ,7-8h,1-2km;0;;;;;
2020ColdAverage[4.1];HGV;2020;REF D HB41;PM;Urban;TØ,8-9h,1-2km;0;;;;;
2020ColdAverage[4.1];HGV;2020;REF D HB41;PM;Urban;TØ,9-10h,1-2km;0;;;;;
2020ColdAverage[4.1];HGV;2020;REF D HB41;PM;Urban;TØ,10-11h,1-2km;0;;;;;
2020ColdAverage[4.1];HGV;2020;REF D HB41;PM;Urban;TØ,11-12h,1-2km;0;;;;;
2020ColdAverage[4.1];HGV;2020;REF D HB41;PM;Urban;TØ,>12h,1-2km;0;;;;;
2020ColdAverage[4.1];HGV;2020;REF D HB41;PN;Urban;TØ,0-1h,0-1km;0;;;;;
2020ColdAverage[4.1];HGV;2020;REF D HB41;PN;Urban;TØ,1-2h,0-1km;0;;;;;
2020ColdAverage[4.1];HGV;2020;REF D HB41;PN;Urban;TØ,2-3h,0-1km;0;;;;;
2020ColdAverage[4.1];HGV;2020;REF D HB41;PN;Urban;TØ,3-4h,0-1km;0;;;;;
2020ColdAverage[4.1];HGV;2020;REF D HB41;PN;Urban;TØ,4-5h,0-1km;0;;;;;
2020ColdAverage[4.1];HGV;2020;REF D HB41;PN;Urban;TØ,5-6h,0-1km;0;;;;;
2020ColdAverage[4.1];HGV;2020;REF D HB41;PN;Urban;TØ,6-7h,0-1km;0;;;;;
2020ColdAverage[4.1];HGV;2020;REF D HB41;PN;Urban;TØ,7-8h,0-1km;0;;;;;
2020ColdAverage[4.1];HGV;2020;REF D HB41;PN;Urban;TØ,8-9h,0-1km;0;;;;;
2020ColdAverage[4.1];HGV;2020;REF D HB41;PN;Urban;TØ,9-10h,0-1km;0;;;;;
2020ColdAverage[4.1];HGV;2020;REF D HB41;PN;Urban;TØ,10-11h,0-1km;0;;;;;
2020ColdAverage[4.1];HGV;2020;REF D HB41;PN;Urban;TØ,11-12h,0-1km;0;;;;;
2020ColdAverage[4.1];HGV;2020;REF D HB41;PN;Urban;TØ,>12h,0-1km;0;;;;;
2020ColdAverage[4.1];HGV;2020;REF D HB41;PN;Urban;TØ,0-1h,1-2km;0;;;;;
2020ColdAverage[4.1];HGV;2020;REF D HB41;PN;Urban;TØ,1-2h,1-2km;0;;;;;
2020ColdAverage[4.1];HGV;2020;REF D HB41;PN;Urban;TØ,2-3h,1-2km;0;;;;;
2020ColdAverage[4.1];HGV;2020;REF D HB41;PN;Urban;TØ,3-4h,1-2km;0;;;;;
2020ColdAverage[4.1];HGV;2020;REF D HB41;PN;Urban;TØ,4-5h,1-2km;0;;;;;
2020ColdAverage[4.1];HGV;2020;REF D HB41;PN;Urban;TØ,5-6h,1-2km;0;;;;;
2020ColdAverage[4.1];HGV;2020;REF D HB41;PN;Urban;TØ,6-7h,1-2km;0;;;;;
2020ColdAverage[4.1];HGV;2020;REF D HB41;PN;Urban;TØ,7-8h,1-2km;0;;;;;
2020ColdAverage[4.1];HGV;2020;REF D HB41;PN;Urban;TØ,8-9h,1-2km;0;;;;;
2020ColdAverage[4.1];HGV;2020;REF D HB41;PN;Urban;TØ,9-10h,1-2km;0;;;;;
2020ColdAverage[4.1];HGV;2020;REF D HB41;PN;Urban;TØ,10-11h,1-2km;0;;;;;
2020ColdAverage[4.1];HGV;2020;REF D HB41;PN;Urban;TØ,11-12h,1-2km;0;;;;;
2020ColdAverage[4.1];HGV;2020;REF D HB41;PN;Urban;TØ,>12h,1-2km;0;;;;;
2020ColdAverage[4.1];HGV;2020;REF D HB41;CO2(rep);Urban;TØ,0-1h,0-1km;0;;;;;
2020ColdAverage[4.1];HGV;2020;REF D HB41;CO2(rep);Urban;TØ,1-2h,0-1km;0;;;;;
2020ColdAverage[4.1];HGV;2020;REF D HB41;CO2(rep);Urban;TØ,2-3h,0-1km;0;;;;;
2020ColdAverage[4.1];HGV;2020;REF D HB41;CO2(rep);Urban;TØ,3-4h,0-1km;0;;;;;
2020ColdAverage[4.1];HGV;2020;REF D HB41;CO2(rep);Urban;TØ,4-5h,0-1km;0;;;;;
2020ColdAverage[4.1];HGV;2020;REF D HB41;CO2(rep);Urban;TØ,5-6h,0-1km;0;;;;;
2020ColdAverage[4.1];HGV;2020;REF D HB41;CO2(rep);Urban;TØ,6-7h,0-1km;0;;;;;
2020ColdAverage[4.1];HGV;2020;REF D HB41;CO2(rep);Urban;TØ,7-8h,0-1km;0;;;;;
2020ColdAverage[4.1];HGV;2020;REF D HB41;CO2(rep);Urban;TØ,8-9h,0-1km;0;;;;;
2020ColdAverage[4.1];HGV;2020;REF D HB41;CO2(rep);Urban;TØ,9-10h,0-1km;0;;;;;
2020ColdAverage[4.1];HGV;2020;REF D HB41;CO2(rep);Urban;TØ,10-11h,0-1km;0;;;;;
2020ColdAverage[4.1];HGV;2020;REF D HB41;CO2(rep);Urban;TØ,11-12h,0-1km;0;;;;;
2020ColdAverage[4.1];HGV;2020;REF D HB41;CO2(rep);Urban;TØ,>12h,0-1km;0;;;;;
2020ColdAverage[4.1];HGV;2020;REF D HB41;CO2(rep);Urban;TØ,0-1h,1-2km;0;;;;;
2020ColdAverage[4.1];HGV;2020;REF D HB41;CO2(rep);Urban;TØ,1-2h,1-2km;0;;;;;
2020ColdAverage[4.1];HGV;2020;REF D HB41;CO2(rep);Urban;TØ,2-3h,1-2km;0;;;;;
2020ColdAverage[4.1];HGV;2020;REF D HB41;CO2(rep);Urban;TØ,3-4h,1-2km;0;;;;;
2020ColdAverage[4.1];HGV;2020;REF D HB41;CO2(rep);Urban;TØ,4-5h,1-2km;0;;;;;
2020ColdAverage[4.1];HGV;2020;REF D HB41;CO2(rep);Urban;TØ,5-6h,1-2km;0;;;;;
2020ColdAverage[4.1];HGV;2020;REF D HB41;CO2(rep);Urban;TØ,6-7h,1-2km;0;;;;;
2020ColdAverage[4.1];HGV;2020;REF D HB41;CO2(rep);Urban;TØ,7-8h,1-2km;0;;;;;
2020ColdAverage[4.1];HGV;2020;REF D HB41;CO2(rep);Urban;TØ,8-9h,1-2km;0;;;;;
2020ColdAverage[4.1];HGV;2020;REF D HB41;CO2(rep);Urban;TØ,9-10h,1-2km;0;;;;;
2020ColdAverage[4.1];HGV;2020;REF D HB41;CO2(rep);Urban;TØ,10-11h,1-2km;0;;;;;
2020ColdAverage[4.1];HGV;2020;REF D HB41;CO2(rep);Urban;TØ,11-12h,1-2km;0;;;;;
2020ColdAverage[4.1];HGV;2020;REF D HB41;CO2(rep);Urban;TØ,>12h,1-2km;0;;;;;
2020ColdAverage[4.1];HGV;2020;REF D HB41;CO2(total);Urban;TØ,0-1h,0-1km;0;;;;;
2020ColdAverage[4.1];HGV;2020;REF D HB41;CO2(total);Urban;TØ,1-2h,0-1km;0;;;;;
2020ColdAverage[4.1];HGV;2020;REF D HB41;CO2(total);Urban;TØ,2-3h,0-1km;0;;;;;
2020ColdAverage[4.1];HGV;2020;REF D HB41;CO2(total);Urban;TØ,3-4h,0-1km;0;;;;;
2020ColdAverage[4.1];HGV;2020;REF D HB41;CO2(total);Urban;TØ,4-5h,0-1km;0;;;;;
2020ColdAverage[4.1];HGV;2020;REF D HB41;CO2(total);Urban;TØ,5-6h,0-1km;0;;;;;
2020ColdAverage[4.1];HGV;2020;REF D HB41;CO2(total);Urban;TØ,6-7h,0-1km;0;;;;;
2020ColdAverage[4.1];HGV;2020;REF D HB41;CO2(total);Urban;TØ,7-8h,0-1km;0;;;;;
2020ColdAverage[4.1];HGV;2020;REF D HB41;CO2(total);Urban;TØ,8-9h,0-1km;0;;;;;
2020ColdAverage[4.1];HGV;2020;REF D HB41;CO2(total);Urban;TØ,9-10h,0-1km;0;;;;;
2020ColdAverage[4.1];HGV;2020;REF D HB41;CO2(total);Urban;TØ,10-11h,0-1km;0;;;;;
2020ColdAverage[4.1];HGV;2020;REF D HB41;CO2(total);Urban;TØ,11-12h,0-1km;0;;;;;
2020ColdAverage[4.1];HGV;2020;REF D HB41;CO2(total);Urban;TØ,>12h,0-1km;0;;;;;
2020ColdAverage[4.1];HGV;2020;REF D HB41;CO2(total);Urban;TØ,0-1h,1-2km;0;;;;;
2020ColdAverage[4.1];HGV;2020;REF D HB41;CO2(total);Urban;TØ,1-2h,1-2km;0;;;;;
2020ColdAverage[4.1];HGV;2020;REF D HB41;CO2(total);Urban;TØ,2-3h,1-2km;0;;;;;
2020ColdAverage[4.1];HGV;2020;REF D HB41;CO2(total);Urban;TØ,3-4h,1-2km;0;;;;;
2020ColdAverage[4.1];HGV;2020;REF D HB41;CO2(total);Urban;TØ,4-5h,1-2km;0;;;;;
2020ColdAverage[4.1];HGV;2020;REF D HB41;CO2(total);Urban;TØ,5-6h,1-2km;0;;;;;
2020ColdAverage[4.1];HGV;2020;REF D HB41;CO2(total);Urban;TØ,6-7h,1-2km;0;;;;;
2020ColdAverage[4.1];HGV;2020;REF D HB41;CO2(total);Urban;TØ,7-8h,1-2km;0;;;;;
2020ColdAverage[4.1];HGV;2020;REF D HB41;CO2(total);Urban;TØ,8-9h,1-2km;0;;;;;
2020ColdAverage[4.1];HGV;2020;REF D HB41;CO2(total);Urban;TØ,9-10h,1-2km;0;;;;;
2020ColdAverage[4.1];HGV;2020;REF D HB41;CO2(total);Urban;TØ,10-11h,1-2km;0;;;;;
2020ColdAverage[4.1];HGV;2020;REF D HB41;CO2(total);Urban;TØ,11-12h,1-2km;0;;;;;
2020ColdAverage[4.1];HGV;2020;REF D HB41;CO2(total);Urban;TØ,>12h,1-2km;0;;;;;
2020ColdAverage[4.1];HGV;2020;REF D HB41;NO2;Urban;TØ,0-1h,0-1km;0;;;;;
2020ColdAverage[4.1];HGV;2020;REF D HB41;NO2;Urban;TØ,1-2h,0-1km;0;;;;;
2020ColdAverage[4.1];HGV;2020;REF D HB41;NO2;Urban;TØ,2-3h,0-1km;0;;;;;
2020ColdAverage[4.1];HGV;2020;REF D HB41;NO2;Urban;TØ,3-4h,0-1km;0;;;;;
2020ColdAverage[4.1];HGV;2020;REF D HB41;NO2;Urban;TØ,4-5h,0-1km;0;;;;;
2020ColdAverage[4.1];HGV;2020;REF D HB41;NO2;Urban;TØ,5-6h,0-1km;0;;;;;
2020ColdAverage[4.1];HGV;2020;REF D HB41;NO2;Urban;TØ,6-7h,0-1km;0;;;;;
2020ColdAverage[4.1];HGV;2020;REF D HB41;NO2;Urban;TØ,7-8h,0-1km;0;;;;;
2020ColdAverage[4.1];HGV;2020;REF D HB41;NO2;Urban;TØ,8-9h,0-1km;0;;;;;
2020ColdAverage[4.1];HGV;2020;REF D HB41;NO2;Urban;TØ,9-10h,0-1km;0;;;;;
2020ColdAverage[4.1];HGV;2020;REF D HB41;NO2;Urban;TØ,10-11h,0-1km;0;;;;;
2020ColdAverage[4.1];HGV;2020;REF D HB41;NO2;Urban;TØ,11-12h,0-1km;0;;;;;
2020ColdAverage[4.1];HGV;2020;REF D HB41;NO2;Urban;TØ,>12h,0-1km;0;;;;;
2020ColdAverage[4.1];HGV;2020;REF D HB41;NO2;Urban;TØ,0-1h,1-2km;0;;;;;
2020ColdAverage[4.1];HGV;2020;REF D HB41;NO2;Urban;TØ,1-2h,1-2km;0;;;;;
2020ColdAverage[4.1];HGV;2020;REF D HB41;NO2;Urban;TØ,2-3h,1-2km;0;;;;;
2020ColdAverage[4.1];HGV;2020;REF D HB41;NO2;Urban;TØ,3-4h,1-2km;0;;;;;
2020ColdAverage[4.1];HGV;2020;REF D HB41;NO2;Urban;TØ,4-5h,1-2km;0;;;;;
2020ColdAverage[4.1];HGV;2020;REF D HB41;NO2;Urban;TØ,5-6h,1-2km;0;;;;;
2020ColdAverage[4.1];HGV;2020;REF D HB41;NO2;Urban;TØ,6-7h,1-2km;0;;;;;
2020ColdAverage[4.1];HGV;2020;REF D HB41;NO2;Urban;TØ,7-8h,1-2km;0;;;;;
2020ColdAverage[4.1];HGV;2020;REF D HB41;NO2;Urban;TØ,8-9h,1-2km;0;;;;;
2020ColdAverage[4.1];HGV;2020;REF D HB41;NO2;Urban;TØ,9-10h,1-2km;0;;;;;
2020ColdAverage[4.1];HGV;2020;REF D HB41;NO2;Urban;TØ,10-11h,1-2km;0;;;;;
2020ColdAverage[4.1];HGV;2020;REF D HB41;NO2;Urban;TØ,11-12h,1-2km;0;;;;;
2020ColdAverage[4.1];HGV;2020;REF D HB41;NO2;Urban;TØ,>12h,1-2km;0;;;;;
2020ColdAverage[4.1];HGV;2020;REF D HB41;CH4;Urban;TØ,0-1h,0-1km;0;;;;;
2020ColdAverage[4.1];HGV;2020;REF D HB41;CH4;Urban;TØ,1-2h,0-1km;0;;;;;
2020ColdAverage[4.1];HGV;2020;REF D HB41;CH4;Urban;TØ,2-3h,0-1km;0;;;;;
2020ColdAverage[4.1];HGV;2020;REF D HB41;CH4;Urban;TØ,3-4h,0-1km;0;;;;;
2020ColdAverage[4.1];HGV;2020;REF D HB41;CH4;Urban;TØ,4-5h,0-1km;0;;;;;
2020ColdAverage[4.1];HGV;2020;REF D HB41;CH4;Urban;TØ,5-6h,0-1km;0;;;;;
2020ColdAverage[4.1];HGV;2020;REF D HB41;CH4;Urban;TØ,6-7h,0-1km;0;;;;;
2020ColdAverage[4.1];HGV;2020;REF D HB41;CH4;Urban;TØ,7-8h,0-1km;0;;;;;
2020ColdAverage[4.1];HGV;2020;REF D HB41;CH4;Urban;TØ,8-9h,0-1km;0;;;;;
2020ColdAverage[4.1];HGV;2020;REF D HB41;CH4;Urban;TØ,9-10h,0-1km;0;;;;;
2020ColdAverage[4.1];HGV;2020;REF D HB41;CH4;Urban;TØ,10-11h,0-1km;0;;;;;
2020ColdAverage[4.1];HGV;2020;REF D HB41;CH4;Urban;TØ,11-12h,0-1km;0;;;;;
2020ColdAverage[4.1];HGV;2020;REF D HB41;CH4;Urban;TØ,>12h,0-1km;0;;;;;
2020ColdAverage[4.1];HGV;2020;REF D HB41;CH4;Urban;TØ,0-1h,1-2km;0;;;;;
2020ColdAverage[4.1];HGV;2020;REF D HB41;CH4;Urban;TØ,1-2h,1-2km;0;;;;;
2020ColdAverage[4.1];HGV;2020;REF D HB41;CH4;Urban;TØ,2-3h,1-2km;0;;;;;
2020ColdAverage[4.1];HGV;2020;REF D HB41;CH4;Urban;TØ,3-4h,1-2km;0;;;;;
2020ColdAverage[4.1];HGV;2020;REF D HB41;CH4;Urban;TØ,4-5h,1-2km;0;;;;;
2020ColdAverage[4.1];HGV;2020;REF D HB41;CH4;Urban;TØ,5-6h,1-2km;0;;;;;
2020ColdAverage[4.1];HGV;2020;REF D HB41;CH4;Urban;TØ,6-7h,1-2km;0;;;;;
2020ColdAverage[4.1];HGV;2020;REF D HB41;CH4;Urban;TØ,7-8h,1-2km;0;;;;;
2020ColdAverage[4.1];HGV;2020;REF D HB41;CH4;Urban;TØ,8-9h,1-2km;0;;;;;
2020ColdAverage[4.1];HGV;2020;REF D HB41;CH4;Urban;TØ,9-10h,1-2km;0;;;;;
2020ColdAverage[4.1];HGV;2020;REF D HB41;CH4;Urban;TØ,10-11h,1-2km;0;;;;;
2020ColdAverage[4.1];HGV;2020;REF D HB41;CH4;Urban;TØ,11-12h,1-2km;0;;;;;
2020ColdAverage[4.1];HGV;2020;REF D HB41;CH4;Urban;TØ,>12h,1-2km;0;;;;;
2020ColdAverage[4.1];HGV;2020;REF D HB41;NMHC;Urban;TØ,0-1h,0-1km;0;;;;;
2020ColdAverage[4.1];HGV;2020;REF D HB41;NMHC;Urban;TØ,1-2h,0-1km;0;;;;;
2020ColdAverage[4.1];HGV;2020;REF D HB41;NMHC;Urban;TØ,2-3h,0-1km;0;;;;;
2020ColdAverage[4.1];HGV;2020;REF D HB41;NMHC;Urban;TØ,3-4h,0-1km;0;;;;;
2020ColdAverage[4.1];HGV;2020;REF D HB41;NMHC;Urban;TØ,4-5h,0-1km;0;;;;;
2020ColdAverage[4.1];HGV;2020;REF D HB41;NMHC;Urban;TØ,5-6h,0-1km;0;;;;;
2020ColdAverage[4.1];HGV;2020;REF D HB41;NMHC;Urban;TØ,6-7h,0-1km;0;;;;;
2020ColdAverage[4.1];HGV;2020;REF D HB41;NMHC;Urban;TØ,7-8h,0-1km;0;;;;;
2020ColdAverage[4.1];HGV;2020;REF D HB41;NMHC;Urban;TØ,8-9h,0-1km;0;;;;;
2020ColdAverage[4.1];HGV;2020;REF D HB41;NMHC;Urban;TØ,9-10h,0-1km;0;;;;;
2020ColdAverage[4.1];HGV;2020;REF D HB41;NMHC;Urban;TØ,10-11h,0-1km;0;;;;;
2020ColdAverage[4.1];HGV;2020;REF D HB41;NMHC;Urban;TØ,11-12h,0-1km;0;;;;;
2020ColdAverage[4.1];HGV;2020;REF D HB41;NMHC;Urban;TØ,>12h,0-1km;0;;;;;
2020ColdAverage[4.1];HGV;2020;REF D HB41;NMHC;Urban;TØ,0-1h,1-2km;0;;;;;
2020ColdAverage[4.1];HGV;2020;REF D HB41;NMHC;Urban;TØ,1-2h,1-2km;0;;;;;
2020ColdAverage[4.1];HGV;2020;REF D HB41;NMHC;Urban;TØ,2-3h,1-2km;0;;;;;
2020ColdAverage[4.1];HGV;2020;REF D HB41;NMHC;Urban;TØ,3-4h,1-2km;0;;;;;
2020ColdAverage[4.1];HGV;2020;REF D HB41;NMHC;Urban;TØ,4-5h,1-2km;0;;;;;
2020ColdAverage[4.1];HGV;2020;REF D HB41;NMHC;Urban;TØ,5-6h,1-2km;0;;;;;
2020ColdAverage[4.1];HGV;2020;REF D HB41;NMHC;Urban;TØ,6-7h,1-2km;0;;;;;
2020ColdAverage[4.1];HGV;2020;REF D HB41;NMHC;Urban;TØ,7-8h,1-2km;0;;;;;
2020ColdAverage[4.1];HGV;2020;REF D HB41;NMHC;Urban;TØ,8-9h,1-2km;0;;;;;
2020ColdAverage[4.1];HGV;2020;REF D HB41;NMHC;Urban;TØ,9-10h,1-2km;0;;;;;
2020ColdAverage[4.1];HGV;2020;REF D HB41;NMHC;Urban;TØ,10-11h,1-2km;0;;;;;
2020ColdAverage[4.1];HGV;2020;REF D HB41;NMHC;Urban;TØ,11-12h,1-2km;0;;;;;
2020ColdAverage[4.1];HGV;2020;REF D HB41;NMHC;Urban;TØ,>12h,1-2km;0;;;;;
2020ColdAverage[4.1];HGV;2020;REF D HB41;Pb;Urban;TØ,0-1h,0-1km;0;;;;;
2020ColdAverage[4.1];HGV;2020;REF D HB41;Pb;Urban;TØ,1-2h,0-1km;0;;;;;
2020ColdAverage[4.1];HGV;2020;REF D HB41;Pb;Urban;TØ,2-3h,0-1km;0;;;;;
2020ColdAverage[4.1];HGV;2020;REF D HB41;Pb;Urban;TØ,3-4h,0-1km;0;;;;;
2020ColdAverage[4.1];HGV;2020;REF D HB41;Pb;Urban;TØ,4-5h,0-1km;0;;;;;
2020ColdAverage[4.1];HGV;2020;REF D HB41;Pb;Urban;TØ,5-6h,0-1km;0;;;;;
2020ColdAverage[4.1];HGV;2020;REF D HB41;Pb;Urban;TØ,6-7h,0-1km;0;;;;;
2020ColdAverage[4.1];HGV;2020;REF D HB41;Pb;Urban;TØ,7-8h,0-1km;0;;;;;
2020ColdAverage[4.1];HGV;2020;REF D HB41;Pb;Urban;TØ,8-9h,0-1km;0;;;;;
2020ColdAverage[4.1];HGV;2020;REF D HB41;Pb;Urban;TØ,9-10h,0-1km;0;;;;;
2020ColdAverage[4.1];HGV;2020;REF D HB41;Pb;Urban;TØ,10-11h,0-1km;0;;;;;
2020ColdAverage[4.1];HGV;2020;REF D HB41;Pb;Urban;TØ,11-12h,0-1km;0;;;;;
2020ColdAverage[4.1];HGV;2020;REF D HB41;Pb;Urban;TØ,>12h,0-1km;0;;;;;
2020ColdAverage[4.1];HGV;2020;REF D HB41;Pb;Urban;TØ,0-1h,1-2km;0;;;;;
2020ColdAverage[4.1];HGV;2020;REF D HB41;Pb;Urban;TØ,1-2h,1-2km;0;;;;;
2020ColdAverage[4.1];HGV;2020;REF D HB41;Pb;Urban;TØ,2-3h,1-2km;0;;;;;
2020ColdAverage[4.1];HGV;2020;REF D HB41;Pb;Urban;TØ,3-4h,1-2km;0;;;;;
2020ColdAverage[4.1];HGV;2020;REF D HB41;Pb;Urban;TØ,4-5h,1-2km;0;;;;;
2020ColdAverage[4.1];HGV;2020;REF D HB41;Pb;Urban;TØ,5-6h,1-2km;0;;;;;
2020ColdAverage[4.1];HGV;2020;REF D HB41;Pb;Urban;TØ,6-7h,1-2km;0;;;;;
2020ColdAverage[4.1];HGV;2020;REF D HB41;Pb;Urban;TØ,7-8h,1-2km;0;;;;;
2020ColdAverage[4.1];HGV;2020;REF D HB41;Pb;Urban;TØ,8-9h,1-2km;0;;;;;
2020ColdAverage[4.1];HGV;2020;REF D HB41;Pb;Urban;TØ,9-10h,1-2km;0;;;;;
2020ColdAverage[4.1];HGV;2020;REF D HB41;Pb;Urban;TØ,10-11h,1-2km;0;;;;;
2020ColdAverage[4.1];HGV;2020;REF D HB41;Pb;Urban;TØ,11-12h,1-2km;0;;;;;
2020ColdAverage[4.1];HGV;2020;REF D HB41;Pb;Urban;TØ,>12h,1-2km;0;;;;;
2020ColdAverage[4.1];HGV;2020;REF D HB41;SO2;Urban;TØ,0-1h,0-1km;0;;;;;
2020ColdAverage[4.1];HGV;2020;REF D HB41;SO2;Urban;TØ,1-2h,0-1km;0;;;;;
2020ColdAverage[4.1];HGV;2020;REF D HB41;SO2;Urban;TØ,2-3h,0-1km;0;;;;;
2020ColdAverage[4.1];HGV;2020;REF D HB41;SO2;Urban;TØ,3-4h,0-1km;0;;;;;
2020ColdAverage[4.1];HGV;2020;REF D HB41;SO2;Urban;TØ,4-5h,0-1km;0;;;;;
2020ColdAverage[4.1];HGV;2020;REF D HB41;SO2;Urban;TØ,5-6h,0-1km;0;;;;;
2020ColdAverage[4.1];HGV;2020;REF D HB41;SO2;Urban;TØ,6-7h,0-1km;0;;;;;
2020ColdAverage[4.1];HGV;2020;REF D HB41;SO2;Urban;TØ,7-8h,0-1km;0;;;;;
2020ColdAverage[4.1];HGV;2020;REF D HB41;SO2;Urban;TØ,8-9h,0-1km;0;;;;;
2020ColdAverage[4.1];HGV;2020;REF D HB41;SO2;Urban;TØ,9-10h,0-1km;0;;;;;
2020ColdAverage[4.1];HGV;2020;REF D HB41;SO2;Urban;TØ,10-11h,0-1km;0;;;;;
2020ColdAverage[4.1];HGV;2020;REF D HB41;SO2;Urban;TØ,11-12h,0-1km;0;;;;;
2020ColdAverage[4.1];HGV;2020;REF D HB41;SO2;Urban;TØ,>12h,0-1km;0;;;;;
2020ColdAverage[4.1];HGV;2020;REF D HB41;SO2;Urban;TØ,0-1h,1-2km;0;;;;;
2020ColdAverage[4.1];HGV;2020;REF D HB41;SO2;Urban;TØ,1-2h,1-2km;0;;;;;
2020ColdAverage[4.1];HGV;2020;REF D HB41;SO2;Urban;TØ,2-3h,1-2km;0;;;;;
2020ColdAverage[4.1];HGV;2020;REF D HB41;SO2;Urban;TØ,3-4h,1-2km;0;;;;;
2020ColdAverage[4.1];HGV;2020;REF D HB41;SO2;Urban;TØ,4-5h,1-2km;0;;;;;
2020ColdAverage[4.1];HGV;2020;REF D HB41;SO2;Urban;TØ,5-6h,1-2km;0;;;;;
2020ColdAverage[4.1];HGV;2020;REF D HB41;SO2;Urban;TØ,6-7h,1-2km;0;;;;;
2020ColdAverage[4.1];HGV;2020;REF D HB41;SO2;Urban;TØ,7-8h,1-2km;0;;;;;
2020ColdAverage[4.1];HGV;2020;REF D HB41;SO2;Urban;TØ,8-9h,1-2km;0;;;;;
2020ColdAverage[4.1];HGV;2020;REF D HB41;SO2;Urban;TØ,9-10h,1-2km;0;;;;;
2020ColdAverage[4.1];HGV;2020;REF D HB41;SO2;Urban;TØ,10-11h,1-2km;0;;;;;
2020ColdAverage[4.1];HGV;2020;REF D HB41;SO2;Urban;TØ,11-12h,1-2km;0;;;;;
2020ColdAverage[4.1];HGV;2020;REF D HB41;SO2;Urban;TØ,>12h,1-2km;0;;;;;
2020ColdAverage[4.1];HGV;2020;REF D HB41;Benzene;Urban;TØ,0-1h,0-1km;0;;;;;
2020ColdAverage[4.1];HGV;2020;REF D HB41;Benzene;Urban;TØ,1-2h,0-1km;0;;;;;
2020ColdAverage[4.1];HGV;2020;REF D HB41;Benzene;Urban;TØ,2-3h,0-1km;0;;;;;
2020ColdAverage[4.1];HGV;2020;REF D HB41;Benzene;Urban;TØ,3-4h,0-1km;0;;;;;
2020ColdAverage[4.1];HGV;2020;REF D HB41;Benzene;Urban;TØ,4-5h,0-1km;0;;;;;
2020ColdAverage[4.1];HGV;2020;REF D HB41;Benzene;Urban;TØ,5-6h,0-1km;0;;;;;
2020ColdAverage[4.1];HGV;2020;REF D HB41;Benzene;Urban;TØ,6-7h,0-1km;0;;;;;
2020ColdAverage[4.1];HGV;2020;REF D HB41;Benzene;Urban;TØ,7-8h,0-1km;0;;;;;
2020ColdAverage[4.1];HGV;2020;REF D HB41;Benzene;Urban;TØ,8-9h,0-1km;0;;;;;
2020ColdAverage[4.1];HGV;2020;REF D HB41;Benzene;Urban;TØ,9-10h,0-1km;0;;;;;
2020ColdAverage[4.1];HGV;2020;REF D HB41;Benzene;Urban;TØ,10-11h,0-1km;0;;;;;
2020ColdAverage[4.1];HGV;2020;REF D HB41;Benzene;Urban;TØ,11-12h,0-1km;0;;;;;
2020ColdAverage[4.1];HGV;2020;REF D HB41;Benzene;Urban;TØ,>12h,0-1km;0;;;;;
2020ColdAverage[4.1];HGV;2020;REF D HB41;Benzene;Urban;TØ,0-1h,1-2km;0;;;;;
2020ColdAverage[4.1];HGV;2020;REF D HB41;Benzene;Urban;TØ,1-2h,1-2km;0;;;;;
2020ColdAverage[4.1];HGV;2020;REF D HB41;Benzene;Urban;TØ,2-3h,1-2km;0;;;;;
2020ColdAverage[4.1];HGV;2020;REF D HB41;Benzene;Urban;TØ,3-4h,1-2km;0;;;;;
2020ColdAverage[4.1];HGV;2020;REF D HB41;Benzene;Urban;TØ,4-5h,1-2km;0;;;;;
2020ColdAverage[4.1];HGV;2020;REF D HB41;Benzene;Urban;TØ,5-6h,1-2km;0;;;;;
2020ColdAverage[4.1];HGV;2020;REF D HB41;Benzene;Urban;TØ,6-7h,1-2km;0;;;;;
2020ColdAverage[4.1];HGV;2020;REF D HB41;Benzene;Urban;TØ,7-8h,1-2km;0;;;;;
2020ColdAverage[4.1];HGV;2020;REF D HB41;Benzene;Urban;TØ,8-9h,1-2km;0;;;;;
2020ColdAverage[4.1];HGV;2020;REF D HB41;Benzene;Urban;TØ,9-10h,1-2km;0;;;;;
2020ColdAverage[4.1];HGV;2020;REF D HB41;Benzene;Urban;TØ,10-11h,1-2km;0;;;;;
2020ColdAverage[4.1];HGV;2020;REF D HB41;Benzene;Urban;TØ,11-12h,1-2km;0;;;;;
2020ColdAverage[4.1];HGV;2020;REF D HB41;Benzene;Urban;TØ,>12h,1-2km;0;;;;;
2020ColdAverage[4.1];HGV;2020;REF D HB41;PM2.5;Urban;TØ,0-1h,0-1km;0;;;;;
2020ColdAverage[4.1];HGV;2020;REF D HB41;PM2.5;Urban;TØ,1-2h,0-1km;0;;;;;
2020ColdAverage[4.1];HGV;2020;REF D HB41;PM2.5;Urban;TØ,2-3h,0-1km;0;;;;;
2020ColdAverage[4.1];HGV;2020;REF D HB41;PM2.5;Urban;TØ,3-4h,0-1km;0;;;;;
2020ColdAverage[4.1];HGV;2020;REF D HB41;PM2.5;Urban;TØ,4-5h,0-1km;0;;;;;
2020ColdAverage[4.1];HGV;2020;REF D HB41;PM2.5;Urban;TØ,5-6h,0-1km;0;;;;;
2020ColdAverage[4.1];HGV;2020;REF D HB41;PM2.5;Urban;TØ,6-7h,0-1km;0;;;;;
2020ColdAverage[4.1];HGV;2020;REF D HB41;PM2.5;Urban;TØ,7-8h,0-1km;0;;;;;
2020ColdAverage[4.1];HGV;2020;REF D HB41;PM2.5;Urban;TØ,8-9h,0-1km;0;;;;;
2020ColdAverage[4.1];HGV;2020;REF D HB41;PM2.5;Urban;TØ,9-10h,0-1km;0;;;;;
2020ColdAverage[4.1];HGV;2020;REF D HB41;PM2.5;Urban;TØ,10-11h,0-1km;0;;;;;
2020ColdAverage[4.1];HGV;2020;REF D HB41;PM2.5;Urban;TØ,11-12h,0-1km;0;;;;;
2020ColdAverage[4.1];HGV;2020;REF D HB41;PM2.5;Urban;TØ,>12h,0-1km;0;;;;;
2020ColdAverage[4.1];HGV;2020;REF D HB41;PM2.5;Urban;TØ,0-1h,1-2km;0;;;;;
2020ColdAverage[4.1];HGV;2020;REF D HB41;PM2.5;Urban;TØ,1-2h,1-2km;0;;;;;
2020ColdAverage[4.1];HGV;2020;REF D HB41;PM2.5;Urban;TØ,2-3h,1-2km;0;;;;;
2020ColdAverage[4.1];HGV;2020;REF D HB41;PM2.5;Urban;TØ,3-4h,1-2km;0;;;;;
2020ColdAverage[4.1];HGV;2020;REF D HB41;PM2.5;Urban;TØ,4-5h,1-2km;0;;;;;
2020ColdAverage[4.1];HGV;2020;REF D HB41;PM2.5;Urban;TØ,5-6h,1-2km;0;;;;;
2020ColdAverage[4.1];HGV;2020;REF D HB41;PM2.5;Urban;TØ,6-7h,1-2km;0;;;;;
2020ColdAverage[4.1];HGV;2020;REF D HB41;PM2.5;Urban;TØ,7-8h,1-2km;0;;;;;
2020ColdAverage[4.1];HGV;2020;REF D HB41;PM2.5;Urban;TØ,8-9h,1-2km;0;;;;;
2020ColdAverage[4.1];HGV;2020;REF D HB41;PM2.5;Urban;TØ,9-10h,1-2km;0;;;;;
2020ColdAverage[4.1];HGV;2020;REF D HB41;PM2.5;Urban;TØ,10-11h,1-2km;0;;;;;
2020ColdAverage[4.1];HGV;2020;REF D HB41;PM2.5;Urban;TØ,11-12h,1-2km;0;;;;;
2020ColdAverage[4.1];HGV;2020;REF D HB41;PM2.5;Urban;TØ,>12h,1-2km;0;;;;;
2020ColdAverage[4.1];HGV;2020;REF D HB41;BC (exhaust);Urban;TØ,0-1h,0-1km;0;;;;;
2020ColdAverage[4.1];HGV;2020;REF D HB41;BC (exhaust);Urban;TØ,1-2h,0-1km;0;;;;;
2020ColdAverage[4.1];HGV;2020;REF D HB41;BC (exhaust);Urban;TØ,2-3h,0-1km;0;;;;;
2020ColdAverage[4.1];HGV;2020;REF D HB41;BC (exhaust);Urban;TØ,3-4h,0-1km;0;;;;;
2020ColdAverage[4.1];HGV;2020;REF D HB41;BC (exhaust);Urban;TØ,4-5h,0-1km;0;;;;;
2020ColdAverage[4.1];HGV;2020;REF D HB41;BC (exhaust);Urban;TØ,5-6h,0-1km;0;;;;;
2020ColdAverage[4.1];HGV;2020;REF D HB41;BC (exhaust);Urban;TØ,6-7h,0-1km;0;;;;;
2020ColdAverage[4.1];HGV;2020;REF D HB41;BC (exhaust);Urban;TØ,7-8h,0-1km;0;;;;;
2020ColdAverage[4.1];HGV;2020;REF D HB41;BC (exhaust);Urban;TØ,8-9h,0-1km;0;;;;;
2020ColdAverage[4.1];HGV;2020;REF D HB41;BC (exhaust);Urban;TØ,9-10h,0-1km;0;;;;;
2020ColdAverage[4.1];HGV;2020;REF D HB41;BC (exhaust);Urban;TØ,10-11h,0-1km;0;;;;;
2020ColdAverage[4.1];HGV;2020;REF D HB41;BC (exhaust);Urban;TØ,11-12h,0-1km;0;;;;;
2020ColdAverage[4.1];HGV;2020;REF D HB41;BC (exhaust);Urban;TØ,>12h,0-1km;0;;;;;
2020ColdAverage[4.1];HGV;2020;REF D HB41;BC (exhaust);Urban;TØ,0-1h,1-2km;0;;;;;
2020ColdAverage[4.1];HGV;2020;REF D HB41;BC (exhaust);Urban;TØ,1-2h,1-2km;0;;;;;
2020ColdAverage[4.1];HGV;2020;REF D HB41;BC (exhaust);Urban;TØ,2-3h,1-2km;0;;;;;
2020ColdAverage[4.1];HGV;2020;REF D HB41;BC (exhaust);Urban;TØ,3-4h,1-2km;0;;;;;
2020ColdAverage[4.1];HGV;2020;REF D HB41;BC (exhaust);Urban;TØ,4-5h,1-2km;0;;;;;
2020ColdAverage[4.1];HGV;2020;REF D HB41;BC (exhaust);Urban;TØ,5-6h,1-2km;0;;;;;
2020ColdAverage[4.1];HGV;2020;REF D HB41;BC (exhaust);Urban;TØ,6-7h,1-2km;0;;;;;
2020ColdAverage[4.1];HGV;2020;REF D HB41;BC (exhaust);Urban;TØ,7-8h,1-2km;0;;;;;
2020ColdAverage[4.1];HGV;2020;REF D HB41;BC (exhaust);Urban;TØ,8-9h,1-2km;0;;;;;
2020ColdAverage[4.1];HGV;2020;REF D HB41;BC (exhaust);Urban;TØ,9-10h,1-2km;0;;;;;
2020ColdAverage[4.1];HGV;2020;REF D HB41;BC (exhaust);Urban;TØ,10-11h,1-2km;0;;;;;
2020ColdAverage[4.1];HGV;2020;REF D HB41;BC (exhaust);Urban;TØ,11-12h,1-2km;0;;;;;
2020ColdAverage[4.1];HGV;2020;REF D HB41;BC (exhaust);Urban;TØ,>12h,1-2km;0;;;;;
2020ColdAverage[4.1];HGV;2020;REF D HB41;CO2e;Urban;TØ,0-1h,0-1km;0;;1.121991634;;6.231704235;
2020ColdAverage[4.1];HGV;2020;REF D HB41;CO2e;Urban;TØ,1-2h,0-1km;0;;2.177889347;;12.3141861;
2020ColdAverage[4.1];HGV;2020;REF D HB41;CO2e;Urban;TØ,2-3h,0-1km;0;;3.253671885;;18.18378448;
2020ColdAverage[4.1];HGV;2020;REF D HB41;CO2e;Urban;TØ,3-4h,0-1km;0;;4.448170185;;24.59296608;
2020ColdAverage[4.1];HGV;2020;REF D HB41;CO2e;Urban;TØ,4-5h,0-1km;0;;5.654352188;;31.0150547;
2020ColdAverage[4.1];HGV;2020;REF D HB41;CO2e;Urban;TØ,5-6h,0-1km;0;;6.910874367;;37.65198517;
2020ColdAverage[4.1];HGV;2020;REF D HB41;CO2e;Urban;TØ,6-7h,0-1km;0;;8.167399406;;44.28894043;
2020ColdAverage[4.1];HGV;2020;REF D HB41;CO2e;Urban;TØ,7-8h,0-1km;0;;9.423920631;;50.92586899;
2020ColdAverage[4.1];HGV;2020;REF D HB41;CO2e;Urban;TØ,8-9h,0-1km;0;;10.68044281;;57.56281281;
2020ColdAverage[4.1];HGV;2020;REF D HB41;CO2e;Urban;TØ,9-10h,0-1km;0;;11.9369669;;64.19974518;
2020ColdAverage[4.1];HGV;2020;REF D HB41;CO2e;Urban;TØ,10-11h,0-1km;0;;13.19348907;;70.83668518;
2020ColdAverage[4.1];HGV;2020;REF D HB41;CO2e;Urban;TØ,11-12h,0-1km;0;;14.45001221;;77.47361755;
2020ColdAverage[4.1];HGV;2020;REF D HB41;CO2e;Urban;TØ,>12h,0-1km;0;;15.08430767;;80.82360077;
2020ColdAverage[4.1];HGV;2020;REF D HB41;CO2e;Urban;TØ,0-1h,1-2km;0;;1.769385695;;9.604736328;
2020ColdAverage[4.1];HGV;2020;REF D HB41;CO2e;Urban;TØ,1-2h,1-2km;0;;4.59964323;;24.95618629;
2020ColdAverage[4.1];HGV;2020;REF D HB41;CO2e;Urban;TØ,2-3h,1-2km;0;;7.21982193;;38.8903656;
2020ColdAverage[4.1];HGV;2020;REF D HB41;CO2e;Urban;TØ,3-4h,1-2km;0;;9.966424942;;53.4001236;
2020ColdAverage[4.1];HGV;2020;REF D HB41;CO2e;Urban;TØ,4-5h,1-2km;0;;12.72656059;;67.93141174;
2020ColdAverage[4.1];HGV;2020;REF D HB41;CO2e;Urban;TØ,5-6h,1-2km;0;;15.55468369;;82.76791382;
2020ColdAverage[4.1];HGV;2020;REF D HB41;CO2e;Urban;TØ,6-7h,1-2km;0;;18.38280869;;97.60440063;
2020ColdAverage[4.1];HGV;2020;REF D HB41;CO2e;Urban;TØ,7-8h,1-2km;0;;21.21093369;;112.4409332;
2020ColdAverage[4.1];HGV;2020;REF D HB41;CO2e;Urban;TØ,8-9h,1-2km;0;;24.03905869;;127.27742;
2020ColdAverage[4.1];HGV;2020;REF D HB41;CO2e;Urban;TØ,9-10h,1-2km;0;;26.86717987;;142.1139526;
2020ColdAverage[4.1];HGV;2020;REF D HB41;CO2e;Urban;TØ,10-11h,1-2km;0;;29.6953125;;156.9504395;
2020ColdAverage[4.1];HGV;2020;REF D HB41;CO2e;Urban;TØ,11-12h,1-2km;0;;32.52343369;;171.7870026;
2020ColdAverage[4.1];HGV;2020;REF D HB41;CO2e;Urban;TØ,>12h,1-2km;0;;33.95107269;;179.276062;