Case;VehCat;Year;TrafficScenario;Component;RoadCat;AmbientCondPattern;IDSubsegment;Subsegment;Technology;SizeClasse;EmConcept;KM;%OfSubsegment;EFA;EFA_weighted;EFA_km;EFA_km_weighted
2005ColdDetailed[3.1];pass. car;2010;;FC;;Tÿ,0-1h,0-1km;111310;PC petrol >=2L Euro-1;petrol (4S);>=2L;PC-P-Euro-1;50000.00;1.00;0.76;;;
2005ColdDetailed[3.1];pass. car;2010;;FC;;Tÿ,0-1h,0-1km;121130;PC diesel <1,4L Euro-3;diesel;<1,4L;PC-D-Euro-3;50000.00;1.00;0.52;;;
2005ColdDetailed[3.1];pass. car;2010;;FC;;Tÿ,1-2h,0-1km;111310;PC petrol >=2L Euro-1;petrol (4S);>=2L;PC-P-Euro-1;50000.00;1.00;2.28;;;
2005ColdDetailed[3.1];pass. car;2010;;FC;;Tÿ,1-2h,0-1km;121130;PC diesel <1,4L Euro-3;diesel;<1,4L;PC-D-Euro-3;50000.00;1.00;1.57;;;
2005ColdDetailed[3.1];pass. car;2010;;FC;;Tÿ,2-3h,0-1km;111310;PC petrol >=2L Euro-1;petrol (4S);>=2L;PC-P-Euro-1;50000.00;1.00;3.80;;;
2005ColdDetailed[3.1];pass. car;2010;;FC;;Tÿ,2-3h,0-1km;121130;PC diesel <1,4L Euro-3;diesel;<1,4L;PC-D-Euro-3;50000.00;1.00;2.62;;;
2005ColdDetailed[3.1];pass. car;2010;;FC;;Tÿ,3-4h,0-1km;111310;PC petrol >=2L Euro-1;petrol (4S);>=2L;PC-P-Euro-1;50000.00;1.00;5.32;;;
2005ColdDetailed[3.1];pass. car;2010;;FC;;Tÿ,3-4h,0-1km;121130;PC diesel <1,4L Euro-3;diesel;<1,4L;PC-D-Euro-3;50000.00;1.00;3.67;;;
2005ColdDetailed[3.1];pass. car;2010;;FC;;Tÿ,4-5h,0-1km;111310;PC petrol >=2L Euro-1;petrol (4S);>=2L;PC-P-Euro-1;50000.00;1.00;6.84;;;
2005ColdDetailed[3.1];pass. car;2010;;FC;;Tÿ,4-5h,0-1km;121130;PC diesel <1,4L Euro-3;diesel;<1,4L;PC-D-Euro-3;50000.00;1.00;4.72;;;
2005ColdDetailed[3.1];pass. car;2010;;FC;;Tÿ,5-6h,0-1km;111310;PC petrol >=2L Euro-1;petrol (4S);>=2L;PC-P-Euro-1;50000.00;1.00;8.36;;;
2005ColdDetailed[3.1];pass. car;2010;;FC;;Tÿ,5-6h,0-1km;121130;PC diesel <1,4L Euro-3;diesel;<1,4L;PC-D-Euro-3;50000.00;1.00;5.77;;;
2005ColdDetailed[3.1];pass. car;2010;;FC;;Tÿ,6-7h,0-1km;111310;PC petrol >=2L Euro-1;petrol (4S);>=2L;PC-P-Euro-1;50000.00;1.00;9.88;;;
2005ColdDetailed[3.1];pass. car;2010;;FC;;Tÿ,6-7h,0-1km;121130;PC diesel <1,4L Euro-3;diesel;<1,4L;PC-D-Euro-3;50000.00;1.00;6.82;;;
2005ColdDetailed[3.1];pass. car;2010;;FC;;Tÿ,7-8h,0-1km;111310;PC petrol >=2L Euro-1;petrol (4S);>=2L;PC-P-Euro-1;50000.00;1.00;11.40;;;
2005ColdDetailed[3.1];pass. car;2010;;FC;;Tÿ,7-8h,0-1km;121130;PC diesel <1,4L Euro-3;diesel;<1,4L;PC-D-Euro-3;50000.00;1.00;7.87;;;
2005ColdDetailed[3.1];pass. car;2010;;FC;;Tÿ,8-9h,0-1km;111310;PC petrol >=2L Euro-1;petrol (4S);>=2L;PC-P-Euro-1;50000.00;1.00;12.92;;;
2005ColdDetailed[3.1];pass. car;2010;;FC;;Tÿ,8-9h,0-1km;121130;PC diesel <1,4L Euro-3;diesel;<1,4L;PC-D-Euro-3;50000.00;1.00;8.92;;;
2005ColdDetailed[3.1];pass. car;2010;;FC;;Tÿ,9-10h,0-1km;111310;PC petrol >=2L Euro-1;petrol (4S);>=2L;PC-P-Euro-1;50000.00;1.00;14.44;;;
2005ColdDetailed[3.1];pass. car;2010;;FC;;Tÿ,9-10h,0-1km;121130;PC diesel <1,4L Euro-3;diesel;<1,4L;PC-D-Euro-3;50000.00;1.00;9.97;;;
2005ColdDetailed[3.1];pass. car;2010;;FC;;Tÿ,10-11h,0-1km;111310;PC petrol >=2L Euro-1;petrol (4S);>=2L;PC-P-Euro-1;50000.00;1.00;15.96;;;
2005ColdDetailed[3.1];pass. car;2010;;FC;;Tÿ,10-11h,0-1km;121130;PC diesel <1,4L Euro-3;diesel;<1,4L;PC-D-Euro-3;50000.00;1.00;11.02;;;
2005ColdDetailed[3.1];pass. car;2010;;FC;;Tÿ,11-12h,0-1km;111310;PC petrol >=2L Euro-1;petrol (4S);>=2L;PC-P-Euro-1;50000.00;1.00;17.48;;;
2005ColdDetailed[3.1];pass. car;2010;;FC;;Tÿ,11-12h,0-1km;121130;PC diesel <1,4L Euro-3;diesel;<1,4L;PC-D-Euro-3;50000.00;1.00;12.07;;;
2005ColdDetailed[3.1];pass. car;2010;;FC;;Tÿ,>12h,0-1km;111310;PC petrol >=2L Euro-1;petrol (4S);>=2L;PC-P-Euro-1;50000.00;1.00;18.25;;;
2005ColdDetailed[3.1];pass. car;2010;;FC;;Tÿ,>12h,0-1km;121130;PC diesel <1,4L Euro-3;diesel;<1,4L;PC-D-Euro-3;50000.00;1.00;12.60;;;
2005ColdDetailed[3.1];pass. car;2010;;FC;;Tÿ,0-1h,1-2km;111310;PC petrol >=2L Euro-1;petrol (4S);>=2L;PC-P-Euro-1;50000.00;1.00;1.98;;;
2005ColdDetailed[3.1];pass. car;2010;;FC;;Tÿ,0-1h,1-2km;121130;PC diesel <1,4L Euro-3;diesel;<1,4L;PC-D-Euro-3;50000.00;1.00;1.38;;;
2005ColdDetailed[3.1];pass. car;2010;;FC;;Tÿ,1-2h,1-2km;111310;PC petrol >=2L Euro-1;petrol (4S);>=2L;PC-P-Euro-1;50000.00;1.00;5.94;;;
2005ColdDetailed[3.1];pass. car;2010;;FC;;Tÿ,1-2h,1-2km;121130;PC diesel <1,4L Euro-3;diesel;<1,4L;PC-D-Euro-3;50000.00;1.00;4.16;;;
2005ColdDetailed[3.1];pass. car;2010;;FC;;Tÿ,2-3h,1-2km;111310;PC petrol >=2L Euro-1;petrol (4S);>=2L;PC-P-Euro-1;50000.00;1.00;9.90;;;
2005ColdDetailed[3.1];pass. car;2010;;FC;;Tÿ,2-3h,1-2km;121130;PC diesel <1,4L Euro-3;diesel;<1,4L;PC-D-Euro-3;50000.00;1.00;6.94;;;
2005ColdDetailed[3.1];pass. car;2010;;FC;;Tÿ,3-4h,1-2km;111310;PC petrol >=2L Euro-1;petrol (4S);>=2L;PC-P-Euro-1;50000.00;1.00;13.86;;;
2005ColdDetailed[3.1];pass. car;2010;;FC;;Tÿ,3-4h,1-2km;121130;PC diesel <1,4L Euro-3;diesel;<1,4L;PC-D-Euro-3;50000.00;1.00;9.71;;;
2005ColdDetailed[3.1];pass. car;2010;;FC;;Tÿ,4-5h,1-2km;111310;PC petrol >=2L Euro-1;petrol (4S);>=2L;PC-P-Euro-1;50000.00;1.00;17.82;;;
2005ColdDetailed[3.1];pass. car;2010;;FC;;Tÿ,4-5h,1-2km;121130;PC diesel <1,4L Euro-3;diesel;<1,4L;PC-D-Euro-3;50000.00;1.00;12.49;;;
2005ColdDetailed[3.1];pass. car;2010;;FC;;Tÿ,5-6h,1-2km;111310;PC petrol >=2L Euro-1;petrol (4S);>=2L;PC-P-Euro-1;50000.00;1.00;21.78;;;
2005ColdDetailed[3.1];pass. car;2010;;FC;;Tÿ,5-6h,1-2km;121130;PC diesel <1,4L Euro-3;diesel;<1,4L;PC-D-Euro-3;50000.00;1.00;15.26;;;
2005ColdDetailed[3.1];pass. car;2010;;FC;;Tÿ,6-7h,1-2km;111310;PC petrol >=2L Euro-1;petrol (4S);>=2L;PC-P-Euro-1;50000.00;1.00;25.74;;;
2005ColdDetailed[3.1];pass. car;2010;;FC;;Tÿ,6-7h,1-2km;121130;PC diesel <1,4L Euro-3;diesel;<1,4L;PC-D-Euro-3;50000.00;1.00;18.04;;;
2005ColdDetailed[3.1];pass. car;2010;;FC;;Tÿ,7-8h,1-2km;111310;PC petrol >=2L Euro-1;petrol (4S);>=2L;PC-P-Euro-1;50000.00;1.00;29.70;;;
2005ColdDetailed[3.1];pass. car;2010;;FC;;Tÿ,7-8h,1-2km;121130;PC diesel <1,4L Euro-3;diesel;<1,4L;PC-D-Euro-3;50000.00;1.00;20.82;;;
2005ColdDetailed[3.1];pass. car;2010;;FC;;Tÿ,8-9h,1-2km;111310;PC petrol >=2L Euro-1;petrol (4S);>=2L;PC-P-Euro-1;50000.00;1.00;33.66;;;
2005ColdDetailed[3.1];pass. car;2010;;FC;;Tÿ,8-9h,1-2km;121130;PC diesel <1,4L Euro-3;diesel;<1,4L;PC-D-Euro-3;50000.00;1.00;23.59;;;
2005ColdDetailed[3.1];pass. car;2010;;FC;;Tÿ,9-10h,1-2km;111310;PC petrol >=2L Euro-1;petrol (4S);>=2L;PC-P-Euro-1;50000.00;1.00;37.62;;;
2005ColdDetailed[3.1];pass. car;2010;;FC;;Tÿ,9-10h,1-2km;121130;PC diesel <1,4L Euro-3;diesel;<1,4L;PC-D-Euro-3;50000.00;1.00;26.37;;;
2005ColdDetailed[3.1];pass. car;2010;;FC;;Tÿ,10-11h,1-2km;111310;PC petrol >=2L Euro-1;petrol (4S);>=2L;PC-P-Euro-1;50000.00;1.00;41.58;;;
2005ColdDetailed[3.1];pass. car;2010;;FC;;Tÿ,10-11h,1-2km;121130;PC diesel <1,4L Euro-3;diesel;<1,4L;PC-D-Euro-3;50000.00;1.00;29.15;;;
2005ColdDetailed[3.1];pass. car;2010;;FC;;Tÿ,11-12h,1-2km;111310;PC petrol >=2L Euro-1;petrol (4S);>=2L;PC-P-Euro-1;50000.00;1.00;45.54;;;
2005ColdDetailed[3.1];pass. car;2010;;FC;;Tÿ,11-12h,1-2km;121130;PC diesel <1,4L Euro-3;diesel;<1,4L;PC-D-Euro-3;50000.00;1.00;31.92;;;
2005ColdDetailed[3.1];pass. car;2010;;FC;;Tÿ,>12h,1-2km;111310;PC petrol >=2L Euro-1;petrol (4S);>=2L;PC-P-Euro-1;50000.00;1.00;47.53;;;
2005ColdDetailed[3.1];pass. car;2010;;FC;;Tÿ,>12h,1-2km;121130;PC diesel <1,4L Euro-3;diesel;<1,4L;PC-D-Euro-3;50000.00;1.00;33.32;;;
2005ColdDetailed[3.1];pass. car;2010;;HC;;Tÿ,0-1h,0-1km;111310;PC petrol >=2L Euro-1;petrol (4S);>=2L;PC-P-Euro-1;50000.00;1.00;4.79;;;
2005ColdDetailed[3.1];pass. car;2010;;HC;;Tÿ,0-1h,0-1km;121130;PC diesel <1,4L Euro-3;diesel;<1,4L;PC-D-Euro-3;50000.00;1.00;0.11;;;
2005ColdDetailed[3.1];pass. car;2010;;HC;;Tÿ,1-2h,0-1km;111310;PC petrol >=2L Euro-1;petrol (4S);>=2L;PC-P-Euro-1;50000.00;1.00;5.09;;;
2005ColdDetailed[3.1];pass. car;2010;;HC;;Tÿ,1-2h,0-1km;121130;PC diesel <1,4L Euro-3;diesel;<1,4L;PC-D-Euro-3;50000.00;1.00;0.11;;;
2005ColdDetailed[3.1];pass. car;2010;;HC;;Tÿ,2-3h,0-1km;111310;PC petrol >=2L Euro-1;petrol (4S);>=2L;PC-P-Euro-1;50000.00;1.00;5.39;;;
2005ColdDetailed[3.1];pass. car;2010;;HC;;Tÿ,2-3h,0-1km;121130;PC diesel <1,4L Euro-3;diesel;<1,4L;PC-D-Euro-3;50000.00;1.00;0.12;;;
2005ColdDetailed[3.1];pass. car;2010;;HC;;Tÿ,3-4h,0-1km;111310;PC petrol >=2L Euro-1;petrol (4S);>=2L;PC-P-Euro-1;50000.00;1.00;5.69;;;
2005ColdDetailed[3.1];pass. car;2010;;HC;;Tÿ,3-4h,0-1km;121130;PC diesel <1,4L Euro-3;diesel;<1,4L;PC-D-Euro-3;50000.00;1.00;0.13;;;
2005ColdDetailed[3.1];pass. car;2010;;HC;;Tÿ,4-5h,0-1km;111310;PC petrol >=2L Euro-1;petrol (4S);>=2L;PC-P-Euro-1;50000.00;1.00;5.99;;;
2005ColdDetailed[3.1];pass. car;2010;;HC;;Tÿ,4-5h,0-1km;121130;PC diesel <1,4L Euro-3;diesel;<1,4L;PC-D-Euro-3;50000.00;1.00;0.13;;;
2005ColdDetailed[3.1];pass. car;2010;;HC;;Tÿ,5-6h,0-1km;111310;PC petrol >=2L Euro-1;petrol (4S);>=2L;PC-P-Euro-1;50000.00;1.00;6.29;;;
2005ColdDetailed[3.1];pass. car;2010;;HC;;Tÿ,5-6h,0-1km;121130;PC diesel <1,4L Euro-3;diesel;<1,4L;PC-D-Euro-3;50000.00;1.00;0.14;;;
2005ColdDetailed[3.1];pass. car;2010;;HC;;Tÿ,6-7h,0-1km;111310;PC petrol >=2L Euro-1;petrol (4S);>=2L;PC-P-Euro-1;50000.00;1.00;6.59;;;
2005ColdDetailed[3.1];pass. car;2010;;HC;;Tÿ,6-7h,0-1km;121130;PC diesel <1,4L Euro-3;diesel;<1,4L;PC-D-Euro-3;50000.00;1.00;0.15;;;
2005ColdDetailed[3.1];pass. car;2010;;HC;;Tÿ,7-8h,0-1km;111310;PC petrol >=2L Euro-1;petrol (4S);>=2L;PC-P-Euro-1;50000.00;1.00;6.89;;;
2005ColdDetailed[3.1];pass. car;2010;;HC;;Tÿ,7-8h,0-1km;121130;PC diesel <1,4L Euro-3;diesel;<1,4L;PC-D-Euro-3;50000.00;1.00;0.16;;;
2005ColdDetailed[3.1];pass. car;2010;;HC;;Tÿ,8-9h,0-1km;111310;PC petrol >=2L Euro-1;petrol (4S);>=2L;PC-P-Euro-1;50000.00;1.00;7.19;;;
2005ColdDetailed[3.1];pass. car;2010;;HC;;Tÿ,8-9h,0-1km;121130;PC diesel <1,4L Euro-3;diesel;<1,4L;PC-D-Euro-3;50000.00;1.00;0.16;;;
2005ColdDetailed[3.1];pass. car;2010;;HC;;Tÿ,9-10h,0-1km;111310;PC petrol >=2L Euro-1;petrol (4S);>=2L;PC-P-Euro-1;50000.00;1.00;7.49;;;
2005ColdDetailed[3.1];pass. car;2010;;HC;;Tÿ,9-10h,0-1km;121130;PC diesel <1,4L Euro-3;diesel;<1,4L;PC-D-Euro-3;50000.00;1.00;0.17;;;
2005ColdDetailed[3.1];pass. car;2010;;HC;;Tÿ,10-11h,0-1km;111310;PC petrol >=2L Euro-1;petrol (4S);>=2L;PC-P-Euro-1;50000.00;1.00;7.79;;;
2005ColdDetailed[3.1];pass. car;2010;;HC;;Tÿ,10-11h,0-1km;121130;PC diesel <1,4L Euro-3;diesel;<1,4L;PC-D-Euro-3;50000.00;1.00;0.18;;;
2005ColdDetailed[3.1];pass. car;2010;;HC;;Tÿ,11-12h,0-1km;111310;PC petrol >=2L Euro-1;petrol (4S);>=2L;PC-P-Euro-1;50000.00;1.00;8.09;;;
2005ColdDetailed[3.1];pass. car;2010;;HC;;Tÿ,11-12h,0-1km;121130;PC diesel <1,4L Euro-3;diesel;<1,4L;PC-D-Euro-3;50000.00;1.00;0.18;;;
2005ColdDetailed[3.1];pass. car;2010;;HC;;Tÿ,>12h,0-1km;111310;PC petrol >=2L Euro-1;petrol (4S);>=2L;PC-P-Euro-1;50000.00;1.00;8.24;;;
2005ColdDetailed[3.1];pass. car;2010;;HC;;Tÿ,>12h,0-1km;121130;PC diesel <1,4L Euro-3;diesel;<1,4L;PC-D-Euro-3;50000.00;1.00;0.19;;;
2005ColdDetailed[3.1];pass. car;2010;;HC;;Tÿ,0-1h,1-2km;111310;PC petrol >=2L Euro-1;petrol (4S);>=2L;PC-P-Euro-1;50000.00;1.00;4.80;;;
2005ColdDetailed[3.1];pass. car;2010;;HC;;Tÿ,0-1h,1-2km;121130;PC diesel <1,4L Euro-3;diesel;<1,4L;PC-D-Euro-3;50000.00;1.00;0.26;;;
2005ColdDetailed[3.1];pass. car;2010;;HC;;Tÿ,1-2h,1-2km;111310;PC petrol >=2L Euro-1;petrol (4S);>=2L;PC-P-Euro-1;50000.00;1.00;5.10;;;
2005ColdDetailed[3.1];pass. car;2010;;HC;;Tÿ,1-2h,1-2km;121130;PC diesel <1,4L Euro-3;diesel;<1,4L;PC-D-Euro-3;50000.00;1.00;0.27;;;
2005ColdDetailed[3.1];pass. car;2010;;HC;;Tÿ,2-3h,1-2km;111310;PC petrol >=2L Euro-1;petrol (4S);>=2L;PC-P-Euro-1;50000.00;1.00;5.40;;;
2005ColdDetailed[3.1];pass. car;2010;;HC;;Tÿ,2-3h,1-2km;121130;PC diesel <1,4L Euro-3;diesel;<1,4L;PC-D-Euro-3;50000.00;1.00;0.29;;;
2005ColdDetailed[3.1];pass. car;2010;;HC;;Tÿ,3-4h,1-2km;111310;PC petrol >=2L Euro-1;petrol (4S);>=2L;PC-P-Euro-1;50000.00;1.00;5.70;;;
2005ColdDetailed[3.1];pass. car;2010;;HC;;Tÿ,3-4h,1-2km;121130;PC diesel <1,4L Euro-3;diesel;<1,4L;PC-D-Euro-3;50000.00;1.00;0.31;;;
2005ColdDetailed[3.1];pass. car;2010;;HC;;Tÿ,4-5h,1-2km;111310;PC petrol >=2L Euro-1;petrol (4S);>=2L;PC-P-Euro-1;50000.00;1.00;6.01;;;
2005ColdDetailed[3.1];pass. car;2010;;HC;;Tÿ,4-5h,1-2km;121130;PC diesel <1,4L Euro-3;diesel;<1,4L;PC-D-Euro-3;50000.00;1.00;0.32;;;
2005ColdDetailed[3.1];pass. car;2010;;HC;;Tÿ,5-6h,1-2km;111310;PC petrol >=2L Euro-1;petrol (4S);>=2L;PC-P-Euro-1;50000.00;1.00;6.31;;;
2005ColdDetailed[3.1];pass. car;2010;;HC;;Tÿ,5-6h,1-2km;121130;PC diesel <1,4L Euro-3;diesel;<1,4L;PC-D-Euro-3;50000.00;1.00;0.34;;;
2005ColdDetailed[3.1];pass. car;2010;;HC;;Tÿ,6-7h,1-2km;111310;PC petrol >=2L Euro-1;petrol (4S);>=2L;PC-P-Euro-1;50000.00;1.00;6.61;;;
2005ColdDetailed[3.1];pass. car;2010;;HC;;Tÿ,6-7h,1-2km;121130;PC diesel <1,4L Euro-3;diesel;<1,4L;PC-D-Euro-3;50000.00;1.00;0.36;;;
2005ColdDetailed[3.1];pass. car;2010;;HC;;Tÿ,7-8h,1-2km;111310;PC petrol >=2L Euro-1;petrol (4S);>=2L;PC-P-Euro-1;50000.00;1.00;6.91;;;
2005ColdDetailed[3.1];pass. car;2010;;HC;;Tÿ,7-8h,1-2km;121130;PC diesel <1,4L Euro-3;diesel;<1,4L;PC-D-Euro-3;50000.00;1.00;0.37;;;
2005ColdDetailed[3.1];pass. car;2010;;HC;;Tÿ,8-9h,1-2km;111310;PC petrol >=2L Euro-1;petrol (4S);>=2L;PC-P-Euro-1;50000.00;1.00;7.21;;;
2005ColdDetailed[3.1];pass. car;2010;;HC;;Tÿ,8-9h,1-2km;121130;PC diesel <1,4L Euro-3;diesel;<1,4L;PC-D-Euro-3;50000.00;1.00;0.39;;;
2005ColdDetailed[3.1];pass. car;2010;;HC;;Tÿ,9-10h,1-2km;111310;PC petrol >=2L Euro-1;petrol (4S);>=2L;PC-P-Euro-1;50000.00;1.00;7.51;;;
2005ColdDetailed[3.1];pass. car;2010;;HC;;Tÿ,9-10h,1-2km;121130;PC diesel <1,4L Euro-3;diesel;<1,4L;PC-D-Euro-3;50000.00;1.00;0.41;;;
2005ColdDetailed[3.1];pass. car;2010;;HC;;Tÿ,10-11h,1-2km;111310;PC petrol >=2L Euro-1;petrol (4S);>=2L;PC-P-Euro-1;50000.00;1.00;7.81;;;
2005ColdDetailed[3.1];pass. car;2010;;HC;;Tÿ,10-11h,1-2km;121130;PC diesel <1,4L Euro-3;diesel;<1,4L;PC-D-Euro-3;50000.00;1.00;0.42;;;
2005ColdDetailed[3.1];pass. car;2010;;HC;;Tÿ,11-12h,1-2km;111310;PC petrol >=2L Euro-1;petrol (4S);>=2L;PC-P-Euro-1;50000.00;1.00;8.11;;;
2005ColdDetailed[3.1];pass. car;2010;;HC;;Tÿ,11-12h,1-2km;121130;PC diesel <1,4L Euro-3;diesel;<1,4L;PC-D-Euro-3;50000.00;1.00;0.44;;;
2005ColdDetailed[3.1];pass. car;2010;;HC;;Tÿ,>12h,1-2km;111310;PC petrol >=2L Euro-1;petrol (4S);>=2L;PC-P-Euro-1;50000.00;1.00;8.26;;;
2005ColdDetailed[3.1];pass. car;2010;;HC;;Tÿ,>12h,1-2km;121130;PC diesel <1,4L Euro-3;diesel;<1,4L;PC-D-Euro-3;50000.00;1.00;0.45;;;
2005ColdDetailed[3.1];pass. car;2010;;CO;;Tÿ,0-1h,0-1km;111310;PC petrol >=2L Euro-1;petrol (4S);>=2L;PC-P-Euro-1;50000.00;1.00;17.66;;;
2005ColdDetailed[3.1];pass. car;2010;;CO;;Tÿ,0-1h,0-1km;121130;PC diesel <1,4L Euro-3;diesel;<1,4L;PC-D-Euro-3;50000.00;1.00;0.71;;;
2005ColdDetailed[3.1];pass. car;2010;;CO;;Tÿ,1-2h,0-1km;111310;PC petrol >=2L Euro-1;petrol (4S);>=2L;PC-P-Euro-1;50000.00;1.00;19.30;;;
2005ColdDetailed[3.1];pass. car;2010;;CO;;Tÿ,1-2h,0-1km;121130;PC diesel <1,4L Euro-3;diesel;<1,4L;PC-D-Euro-3;50000.00;1.00;0.77;;;
2005ColdDetailed[3.1];pass. car;2010;;CO;;Tÿ,2-3h,0-1km;111310;PC petrol >=2L Euro-1;petrol (4S);>=2L;PC-P-Euro-1;50000.00;1.00;20.94;;;
2005ColdDetailed[3.1];pass. car;2010;;CO;;Tÿ,2-3h,0-1km;121130;PC diesel <1,4L Euro-3;diesel;<1,4L;PC-D-Euro-3;50000.00;1.00;0.84;;;
2005ColdDetailed[3.1];pass. car;2010;;CO;;Tÿ,3-4h,0-1km;111310;PC petrol >=2L Euro-1;petrol (4S);>=2L;PC-P-Euro-1;50000.00;1.00;22.59;;;
2005ColdDetailed[3.1];pass. car;2010;;CO;;Tÿ,3-4h,0-1km;121130;PC diesel <1,4L Euro-3;diesel;<1,4L;PC-D-Euro-3;50000.00;1.00;0.91;;;
2005ColdDetailed[3.1];pass. car;2010;;CO;;Tÿ,4-5h,0-1km;111310;PC petrol >=2L Euro-1;petrol (4S);>=2L;PC-P-Euro-1;50000.00;1.00;24.23;;;
2005ColdDetailed[3.1];pass. car;2010;;CO;;Tÿ,4-5h,0-1km;121130;PC diesel <1,4L Euro-3;diesel;<1,4L;PC-D-Euro-3;50000.00;1.00;0.97;;;
2005ColdDetailed[3.1];pass. car;2010;;CO;;Tÿ,5-6h,0-1km;111310;PC petrol >=2L Euro-1;petrol (4S);>=2L;PC-P-Euro-1;50000.00;1.00;25.87;;;
2005ColdDetailed[3.1];pass. car;2010;;CO;;Tÿ,5-6h,0-1km;121130;PC diesel <1,4L Euro-3;diesel;<1,4L;PC-D-Euro-3;50000.00;1.00;1.04;;;
2005ColdDetailed[3.1];pass. car;2010;;CO;;Tÿ,6-7h,0-1km;111310;PC petrol >=2L Euro-1;petrol (4S);>=2L;PC-P-Euro-1;50000.00;1.00;27.51;;;
2005ColdDetailed[3.1];pass. car;2010;;CO;;Tÿ,6-7h,0-1km;121130;PC diesel <1,4L Euro-3;diesel;<1,4L;PC-D-Euro-3;50000.00;1.00;1.11;;;
2005ColdDetailed[3.1];pass. car;2010;;CO;;Tÿ,7-8h,0-1km;111310;PC petrol >=2L Euro-1;petrol (4S);>=2L;PC-P-Euro-1;50000.00;1.00;29.15;;;
2005ColdDetailed[3.1];pass. car;2010;;CO;;Tÿ,7-8h,0-1km;121130;PC diesel <1,4L Euro-3;diesel;<1,4L;PC-D-Euro-3;50000.00;1.00;1.17;;;
2005ColdDetailed[3.1];pass. car;2010;;CO;;Tÿ,8-9h,0-1km;111310;PC petrol >=2L Euro-1;petrol (4S);>=2L;PC-P-Euro-1;50000.00;1.00;30.79;;;
2005ColdDetailed[3.1];pass. car;2010;;CO;;Tÿ,8-9h,0-1km;121130;PC diesel <1,4L Euro-3;diesel;<1,4L;PC-D-Euro-3;50000.00;1.00;1.24;;;
2005ColdDetailed[3.1];pass. car;2010;;CO;;Tÿ,9-10h,0-1km;111310;PC petrol >=2L Euro-1;petrol (4S);>=2L;PC-P-Euro-1;50000.00;1.00;32.43;;;
2005ColdDetailed[3.1];pass. car;2010;;CO;;Tÿ,9-10h,0-1km;121130;PC diesel <1,4L Euro-3;diesel;<1,4L;PC-D-Euro-3;50000.00;1.00;1.30;;;
2005ColdDetailed[3.1];pass. car;2010;;CO;;Tÿ,10-11h,0-1km;111310;PC petrol >=2L Euro-1;petrol (4S);>=2L;PC-P-Euro-1;50000.00;1.00;34.07;;;
2005ColdDetailed[3.1];pass. car;2010;;CO;;Tÿ,10-11h,0-1km;121130;PC diesel <1,4L Euro-3;diesel;<1,4L;PC-D-Euro-3;50000.00;1.00;1.37;;;
2005ColdDetailed[3.1];pass. car;2010;;CO;;Tÿ,11-12h,0-1km;111310;PC petrol >=2L Euro-1;petrol (4S);>=2L;PC-P-Euro-1;50000.00;1.00;35.71;;;
2005ColdDetailed[3.1];pass. car;2010;;CO;;Tÿ,11-12h,0-1km;121130;PC diesel <1,4L Euro-3;diesel;<1,4L;PC-D-Euro-3;50000.00;1.00;1.44;;;
2005ColdDetailed[3.1];pass. car;2010;;CO;;Tÿ,>12h,0-1km;111310;PC petrol >=2L Euro-1;petrol (4S);>=2L;PC-P-Euro-1;50000.00;1.00;36.53;;;
2005ColdDetailed[3.1];pass. car;2010;;CO;;Tÿ,>12h,0-1km;121130;PC diesel <1,4L Euro-3;diesel;<1,4L;PC-D-Euro-3;50000.00;1.00;1.47;;;
2005ColdDetailed[3.1];pass. car;2010;;CO;;Tÿ,0-1h,1-2km;111310;PC petrol >=2L Euro-1;petrol (4S);>=2L;PC-P-Euro-1;50000.00;1.00;20.49;;;
2005ColdDetailed[3.1];pass. car;2010;;CO;;Tÿ,0-1h,1-2km;121130;PC diesel <1,4L Euro-3;diesel;<1,4L;PC-D-Euro-3;50000.00;1.00;1.56;;;
2005ColdDetailed[3.1];pass. car;2010;;CO;;Tÿ,1-2h,1-2km;111310;PC petrol >=2L Euro-1;petrol (4S);>=2L;PC-P-Euro-1;50000.00;1.00;22.39;;;
2005ColdDetailed[3.1];pass. car;2010;;CO;;Tÿ,1-2h,1-2km;121130;PC diesel <1,4L Euro-3;diesel;<1,4L;PC-D-Euro-3;50000.00;1.00;1.71;;;
2005ColdDetailed[3.1];pass. car;2010;;CO;;Tÿ,2-3h,1-2km;111310;PC petrol >=2L Euro-1;petrol (4S);>=2L;PC-P-Euro-1;50000.00;1.00;24.29;;;
2005ColdDetailed[3.1];pass. car;2010;;CO;;Tÿ,2-3h,1-2km;121130;PC diesel <1,4L Euro-3;diesel;<1,4L;PC-D-Euro-3;50000.00;1.00;1.85;;;
2005ColdDetailed[3.1];pass. car;2010;;CO;;Tÿ,3-4h,1-2km;111310;PC petrol >=2L Euro-1;petrol (4S);>=2L;PC-P-Euro-1;50000.00;1.00;26.20;;;
2005ColdDetailed[3.1];pass. car;2010;;CO;;Tÿ,3-4h,1-2km;121130;PC diesel <1,4L Euro-3;diesel;<1,4L;PC-D-Euro-3;50000.00;1.00;2.00;;;
2005ColdDetailed[3.1];pass. car;2010;;CO;;Tÿ,4-5h,1-2km;111310;PC petrol >=2L Euro-1;petrol (4S);>=2L;PC-P-Euro-1;50000.00;1.00;28.10;;;
2005ColdDetailed[3.1];pass. car;2010;;CO;;Tÿ,4-5h,1-2km;121130;PC diesel <1,4L Euro-3;diesel;<1,4L;PC-D-Euro-3;50000.00;1.00;2.14;;;
2005ColdDetailed[3.1];pass. car;2010;;CO;;Tÿ,5-6h,1-2km;111310;PC petrol >=2L Euro-1;petrol (4S);>=2L;PC-P-Euro-1;50000.00;1.00;30.00;;;
2005ColdDetailed[3.1];pass. car;2010;;CO;;Tÿ,5-6h,1-2km;121130;PC diesel <1,4L Euro-3;diesel;<1,4L;PC-D-Euro-3;50000.00;1.00;2.29;;;
2005ColdDetailed[3.1];pass. car;2010;;CO;;Tÿ,6-7h,1-2km;111310;PC petrol >=2L Euro-1;petrol (4S);>=2L;PC-P-Euro-1;50000.00;1.00;31.91;;;
2005ColdDetailed[3.1];pass. car;2010;;CO;;Tÿ,6-7h,1-2km;121130;PC diesel <1,4L Euro-3;diesel;<1,4L;PC-D-Euro-3;50000.00;1.00;2.43;;;
2005ColdDetailed[3.1];pass. car;2010;;CO;;Tÿ,7-8h,1-2km;111310;PC petrol >=2L Euro-1;petrol (4S);>=2L;PC-P-Euro-1;50000.00;1.00;33.81;;;
2005ColdDetailed[3.1];pass. car;2010;;CO;;Tÿ,7-8h,1-2km;121130;PC diesel <1,4L Euro-3;diesel;<1,4L;PC-D-Euro-3;50000.00;1.00;2.58;;;
2005ColdDetailed[3.1];pass. car;2010;;CO;;Tÿ,8-9h,1-2km;111310;PC petrol >=2L Euro-1;petrol (4S);>=2L;PC-P-Euro-1;50000.00;1.00;35.71;;;
2005ColdDetailed[3.1];pass. car;2010;;CO;;Tÿ,8-9h,1-2km;121130;PC diesel <1,4L Euro-3;diesel;<1,4L;PC-D-Euro-3;50000.00;1.00;2.72;;;
2005ColdDetailed[3.1];pass. car;2010;;CO;;Tÿ,9-10h,1-2km;111310;PC petrol >=2L Euro-1;petrol (4S);>=2L;PC-P-Euro-1;50000.00;1.00;37.62;;;
2005ColdDetailed[3.1];pass. car;2010;;CO;;Tÿ,9-10h,1-2km;121130;PC diesel <1,4L Euro-3;diesel;<1,4L;PC-D-Euro-3;50000.00;1.00;2.87;;;
2005ColdDetailed[3.1];pass. car;2010;;CO;;Tÿ,10-11h,1-2km;111310;PC petrol >=2L Euro-1;petrol (4S);>=2L;PC-P-Euro-1;50000.00;1.00;39.52;;;
2005ColdDetailed[3.1];pass. car;2010;;CO;;Tÿ,10-11h,1-2km;121130;PC diesel <1,4L Euro-3;diesel;<1,4L;PC-D-Euro-3;50000.00;1.00;3.02;;;
2005ColdDetailed[3.1];pass. car;2010;;CO;;Tÿ,11-12h,1-2km;111310;PC petrol >=2L Euro-1;petrol (4S);>=2L;PC-P-Euro-1;50000.00;1.00;41.42;;;
2005ColdDetailed[3.1];pass. car;2010;;CO;;Tÿ,11-12h,1-2km;121130;PC diesel <1,4L Euro-3;diesel;<1,4L;PC-D-Euro-3;50000.00;1.00;3.16;;;
2005ColdDetailed[3.1];pass. car;2010;;CO;;Tÿ,>12h,1-2km;111310;PC petrol >=2L Euro-1;petrol (4S);>=2L;PC-P-Euro-1;50000.00;1.00;42.38;;;
2005ColdDetailed[3.1];pass. car;2010;;CO;;Tÿ,>12h,1-2km;121130;PC diesel <1,4L Euro-3;diesel;<1,4L;PC-D-Euro-3;50000.00;1.00;3.23;;;
2005ColdDetailed[3.1];pass. car;2010;;NO2;;Tÿ,0-1h,0-1km;111310;PC petrol >=2L Euro-1;petrol (4S);>=2L;PC-P-Euro-1;50000.00;1.00;0.03;;;
2005ColdDetailed[3.1];pass. car;2010;;NO2;;Tÿ,0-1h,0-1km;121130;PC diesel <1,4L Euro-3;diesel;<1,4L;PC-D-Euro-3;50000.00;1.00;-0.01;;;
2005ColdDetailed[3.1];pass. car;2010;;NO2;;Tÿ,1-2h,0-1km;111310;PC petrol >=2L Euro-1;petrol (4S);>=2L;PC-P-Euro-1;50000.00;1.00;0.03;;;
2005ColdDetailed[3.1];pass. car;2010;;NO2;;Tÿ,1-2h,0-1km;121130;PC diesel <1,4L Euro-3;diesel;<1,4L;PC-D-Euro-3;50000.00;1.00;-0.01;;;
2005ColdDetailed[3.1];pass. car;2010;;NO2;;Tÿ,2-3h,0-1km;111310;PC petrol >=2L Euro-1;petrol (4S);>=2L;PC-P-Euro-1;50000.00;1.00;0.03;;;
2005ColdDetailed[3.1];pass. car;2010;;NO2;;Tÿ,2-3h,0-1km;121130;PC diesel <1,4L Euro-3;diesel;<1,4L;PC-D-Euro-3;50000.00;1.00;-0.01;;;
2005ColdDetailed[3.1];pass. car;2010;;NO2;;Tÿ,3-4h,0-1km;111310;PC petrol >=2L Euro-1;petrol (4S);>=2L;PC-P-Euro-1;50000.00;1.00;0.03;;;
2005ColdDetailed[3.1];pass. car;2010;;NO2;;Tÿ,3-4h,0-1km;121130;PC diesel <1,4L Euro-3;diesel;<1,4L;PC-D-Euro-3;50000.00;1.00;-0.01;;;
2005ColdDetailed[3.1];pass. car;2010;;NO2;;Tÿ,4-5h,0-1km;111310;PC petrol >=2L Euro-1;petrol (4S);>=2L;PC-P-Euro-1;50000.00;1.00;0.03;;;
2005ColdDetailed[3.1];pass. car;2010;;NO2;;Tÿ,4-5h,0-1km;121130;PC diesel <1,4L Euro-3;diesel;<1,4L;PC-D-Euro-3;50000.00;1.00;-0.01;;;
2005ColdDetailed[3.1];pass. car;2010;;NO2;;Tÿ,5-6h,0-1km;111310;PC petrol >=2L Euro-1;petrol (4S);>=2L;PC-P-Euro-1;50000.00;1.00;0.03;;;
2005ColdDetailed[3.1];pass. car;2010;;NO2;;Tÿ,5-6h,0-1km;121130;PC diesel <1,4L Euro-3;diesel;<1,4L;PC-D-Euro-3;50000.00;1.00;-0.01;;;
2005ColdDetailed[3.1];pass. car;2010;;NO2;;Tÿ,6-7h,0-1km;111310;PC petrol >=2L Euro-1;petrol (4S);>=2L;PC-P-Euro-1;50000.00;1.00;0.03;;;
2005ColdDetailed[3.1];pass. car;2010;;NO2;;Tÿ,6-7h,0-1km;121130;PC diesel <1,4L Euro-3;diesel;<1,4L;PC-D-Euro-3;50000.00;1.00;-0.01;;;
2005ColdDetailed[3.1];pass. car;2010;;NO2;;Tÿ,7-8h,0-1km;111310;PC petrol >=2L Euro-1;petrol (4S);>=2L;PC-P-Euro-1;50000.00;1.00;0.02;;;
2005ColdDetailed[3.1];pass. car;2010;;NO2;;Tÿ,7-8h,0-1km;121130;PC diesel <1,4L Euro-3;diesel;<1,4L;PC-D-Euro-3;50000.00;1.00;-0.01;;;
2005ColdDetailed[3.1];pass. car;2010;;NO2;;Tÿ,8-9h,0-1km;111310;PC petrol >=2L Euro-1;petrol (4S);>=2L;PC-P-Euro-1;50000.00;1.00;0.02;;;
2005ColdDetailed[3.1];pass. car;2010;;NO2;;Tÿ,8-9h,0-1km;121130;PC diesel <1,4L Euro-3;diesel;<1,4L;PC-D-Euro-3;50000.00;1.00;-0.01;;;
2005ColdDetailed[3.1];pass. car;2010;;NO2;;Tÿ,9-10h,0-1km;111310;PC petrol >=2L Euro-1;petrol (4S);>=2L;PC-P-Euro-1;50000.00;1.00;0.02;;;
2005ColdDetailed[3.1];pass. car;2010;;NO2;;Tÿ,9-10h,0-1km;121130;PC diesel <1,4L Euro-3;diesel;<1,4L;PC-D-Euro-3;50000.00;1.00;-0.01;;;
2005ColdDetailed[3.1];pass. car;2010;;NO2;;Tÿ,10-11h,0-1km;111310;PC petrol >=2L Euro-1;petrol (4S);>=2L;PC-P-Euro-1;50000.00;1.00;0.02;;;
2005ColdDetailed[3.1];pass. car;2010;;NO2;;Tÿ,10-11h,0-1km;121130;PC diesel <1,4L Euro-3;diesel;<1,4L;PC-D-Euro-3;50000.00;1.00;-0.01;;;
2005ColdDetailed[3.1];pass. car;2010;;NO2;;Tÿ,11-12h,0-1km;111310;PC petrol >=2L Euro-1;petrol (4S);>=2L;PC-P-Euro-1;50000.00;1.00;0.02;;;
2005ColdDetailed[3.1];pass. car;2010;;NO2;;Tÿ,11-12h,0-1km;121130;PC diesel <1,4L Euro-3;diesel;<1,4L;PC-D-Euro-3;50000.00;1.00;-0.01;;;
2005ColdDetailed[3.1];pass. car;2010;;NO2;;Tÿ,>12h,0-1km;111310;PC petrol >=2L Euro-1;petrol (4S);>=2L;PC-P-Euro-1;50000.00;1.00;0.02;;;
2005ColdDetailed[3.1];pass. car;2010;;NO2;;Tÿ,>12h,0-1km;121130;PC diesel <1,4L Euro-3;diesel;<1,4L;PC-D-Euro-3;50000.00;1.00;-0.01;;;
2005ColdDetailed[3.1];pass. car;2010;;NO2;;Tÿ,0-1h,1-2km;111310;PC petrol >=2L Euro-1;petrol (4S);>=2L;PC-P-Euro-1;50000.00;1.00;0.09;;;
2005ColdDetailed[3.1];pass. car;2010;;NO2;;Tÿ,0-1h,1-2km;121130;PC diesel <1,4L Euro-3;diesel;<1,4L;PC-D-Euro-3;50000.00;1.00;-0.02;;;
2005ColdDetailed[3.1];pass. car;2010;;NO2;;Tÿ,1-2h,1-2km;111310;PC petrol >=2L Euro-1;petrol (4S);>=2L;PC-P-Euro-1;50000.00;1.00;0.09;;;
2005ColdDetailed[3.1];pass. car;2010;;NO2;;Tÿ,1-2h,1-2km;121130;PC diesel <1,4L Euro-3;diesel;<1,4L;PC-D-Euro-3;50000.00;1.00;-0.02;;;
2005ColdDetailed[3.1];pass. car;2010;;NO2;;Tÿ,2-3h,1-2km;111310;PC petrol >=2L Euro-1;petrol (4S);>=2L;PC-P-Euro-1;50000.00;1.00;0.09;;;
2005ColdDetailed[3.1];pass. car;2010;;NO2;;Tÿ,2-3h,1-2km;121130;PC diesel <1,4L Euro-3;diesel;<1,4L;PC-D-Euro-3;50000.00;1.00;-0.02;;;
2005ColdDetailed[3.1];pass. car;2010;;NO2;;Tÿ,3-4h,1-2km;111310;PC petrol >=2L Euro-1;petrol (4S);>=2L;PC-P-Euro-1;50000.00;1.00;0.09;;;
2005ColdDetailed[3.1];pass. car;2010;;NO2;;Tÿ,3-4h,1-2km;121130;PC diesel <1,4L Euro-3;diesel;<1,4L;PC-D-Euro-3;50000.00;1.00;-0.02;;;
2005ColdDetailed[3.1];pass. car;2010;;NO2;;Tÿ,4-5h,1-2km;111310;PC petrol >=2L Euro-1;petrol (4S);>=2L;PC-P-Euro-1;50000.00;1.00;0.08;;;
2005ColdDetailed[3.1];pass. car;2010;;NO2;;Tÿ,4-5h,1-2km;121130;PC diesel <1,4L Euro-3;diesel;<1,4L;PC-D-Euro-3;50000.00;1.00;-0.02;;;
2005ColdDetailed[3.1];pass. car;2010;;NO2;;Tÿ,5-6h,1-2km;111310;PC petrol >=2L Euro-1;petrol (4S);>=2L;PC-P-Euro-1;50000.00;1.00;0.08;;;
2005ColdDetailed[3.1];pass. car;2010;;NO2;;Tÿ,5-6h,1-2km;121130;PC diesel <1,4L Euro-3;diesel;<1,4L;PC-D-Euro-3;50000.00;1.00;-0.02;;;
2005ColdDetailed[3.1];pass. car;2010;;NO2;;Tÿ,6-7h,1-2km;111310;PC petrol >=2L Euro-1;petrol (4S);>=2L;PC-P-Euro-1;50000.00;1.00;0.08;;;
2005ColdDetailed[3.1];pass. car;2010;;NO2;;Tÿ,6-7h,1-2km;121130;PC diesel <1,4L Euro-3;diesel;<1,4L;PC-D-Euro-3;50000.00;1.00;-0.02;;;
2005ColdDetailed[3.1];pass. car;2010;;NO2;;Tÿ,7-8h,1-2km;111310;PC petrol >=2L Euro-1;petrol (4S);>=2L;PC-P-Euro-1;50000.00;1.00;0.08;;;
2005ColdDetailed[3.1];pass. car;2010;;NO2;;Tÿ,7-8h,1-2km;121130;PC diesel <1,4L Euro-3;diesel;<1,4L;PC-D-Euro-3;50000.00;1.00;-0.02;;;
2005ColdDetailed[3.1];pass. car;2010;;NO2;;Tÿ,8-9h,1-2km;111310;PC petrol >=2L Euro-1;petrol (4S);>=2L;PC-P-Euro-1;50000.00;1.00;0.07;;;
2005ColdDetailed[3.1];pass. car;2010;;NO2;;Tÿ,8-9h,1-2km;121130;PC diesel <1,4L Euro-3;diesel;<1,4L;PC-D-Euro-3;50000.00;1.00;-0.02;;;
2005ColdDetailed[3.1];pass. car;2010;;NO2;;Tÿ,9-10h,1-2km;111310;PC petrol >=2L Euro-1;petrol (4S);>=2L;PC-P-Euro-1;50000.00;1.00;0.07;;;
2005ColdDetailed[3.1];pass. car;2010;;NO2;;Tÿ,9-10h,1-2km;121130;PC diesel <1,4L Euro-3;diesel;<1,4L;PC-D-Euro-3;50000.00;1.00;-0.02;;;
2005ColdDetailed[3.1];pass. car;2010;;NO2;;Tÿ,10-11h,1-2km;111310;PC petrol >=2L Euro-1;petrol (4S);>=2L;PC-P-Euro-1;50000.00;1.00;0.07;;;
2005ColdDetailed[3.1];pass. car;2010;;NO2;;Tÿ,10-11h,1-2km;121130;PC diesel <1,4L Euro-3;diesel;<1,4L;PC-D-Euro-3;50000.00;1.00;-0.02;;;
2005ColdDetailed[3.1];pass. car;2010;;NO2;;Tÿ,11-12h,1-2km;111310;PC petrol >=2L Euro-1;petrol (4S);>=2L;PC-P-Euro-1;50000.00;1.00;0.07;;;
2005ColdDetailed[3.1];pass. car;2010;;NO2;;Tÿ,11-12h,1-2km;121130;PC diesel <1,4L Euro-3;diesel;<1,4L;PC-D-Euro-3;50000.00;1.00;-0.02;;;
2005ColdDetailed[3.1];pass. car;2010;;NO2;;Tÿ,>12h,1-2km;111310;PC petrol >=2L Euro-1;petrol (4S);>=2L;PC-P-Euro-1;50000.00;1.00;0.07;;;
2005ColdDetailed[3.1];pass. car;2010;;NO2;;Tÿ,>12h,1-2km;121130;PC diesel <1,4L Euro-3;diesel;<1,4L;PC-D-Euro-3;50000.00;1.00;-0.03;;;
2005ColdDetailed[3.1];pass. car;2010;;NOx;;Tÿ,0-1h,0-1km;111310;PC petrol >=2L Euro-1;petrol (4S);>=2L;PC-P-Euro-1;50000.00;1.00;1.37;;;
2005ColdDetailed[3.1];pass. car;2010;;NOx;;Tÿ,0-1h,0-1km;121130;PC diesel <1,4L Euro-3;diesel;<1,4L;PC-D-Euro-3;50000.00;1.00;-9.95462643913925e-04;;;
2005ColdDetailed[3.1];pass. car;2010;;NOx;;Tÿ,1-2h,0-1km;111310;PC petrol >=2L Euro-1;petrol (4S);>=2L;PC-P-Euro-1;50000.00;1.00;1.34;;;
2005ColdDetailed[3.1];pass. car;2010;;NOx;;Tÿ,1-2h,0-1km;121130;PC diesel <1,4L Euro-3;diesel;<1,4L;PC-D-Euro-3;50000.00;1.00;-1.00303755607456e-03;;;
2005ColdDetailed[3.1];pass. car;2010;;NOx;;Tÿ,2-3h,0-1km;111310;PC petrol >=2L Euro-1;petrol (4S);>=2L;PC-P-Euro-1;50000.00;1.00;1.30;;;
2005ColdDetailed[3.1];pass. car;2010;;NOx;;Tÿ,2-3h,0-1km;121130;PC diesel <1,4L Euro-3;diesel;<1,4L;PC-D-Euro-3;50000.00;1.00;-1.01072469260544e-03;;;
2005ColdDetailed[3.1];pass. car;2010;;NOx;;Tÿ,3-4h,0-1km;111310;PC petrol >=2L Euro-1;petrol (4S);>=2L;PC-P-Euro-1;50000.00;1.00;1.27;;;
2005ColdDetailed[3.1];pass. car;2010;;NOx;;Tÿ,3-4h,0-1km;121130;PC diesel <1,4L Euro-3;diesel;<1,4L;PC-D-Euro-3;50000.00;1.00;-1.01852789521217e-03;;;
2005ColdDetailed[3.1];pass. car;2010;;NOx;;Tÿ,4-5h,0-1km;111310;PC petrol >=2L Euro-1;petrol (4S);>=2L;PC-P-Euro-1;50000.00;1.00;1.24;;;
2005ColdDetailed[3.1];pass. car;2010;;NOx;;Tÿ,4-5h,0-1km;121130;PC diesel <1,4L Euro-3;diesel;<1,4L;PC-D-Euro-3;50000.00;1.00;-1.02644844446331e-03;;;
2005ColdDetailed[3.1];pass. car;2010;;NOx;;Tÿ,5-6h,0-1km;111310;PC petrol >=2L Euro-1;petrol (4S);>=2L;PC-P-Euro-1;50000.00;1.00;1.21;;;
2005ColdDetailed[3.1];pass. car;2010;;NOx;;Tÿ,5-6h,0-1km;121130;PC diesel <1,4L Euro-3;diesel;<1,4L;PC-D-Euro-3;50000.00;1.00;-1.03448936715722e-03;;;
2005ColdDetailed[3.1];pass. car;2010;;NOx;;Tÿ,6-7h,0-1km;111310;PC petrol >=2L Euro-1;petrol (4S);>=2L;PC-P-Euro-1;50000.00;1.00;1.17;;;
2005ColdDetailed[3.1];pass. car;2010;;NOx;;Tÿ,6-7h,0-1km;121130;PC diesel <1,4L Euro-3;diesel;<1,4L;PC-D-Euro-3;50000.00;1.00;-1.04265310801566e-03;;;
2005ColdDetailed[3.1];pass. car;2010;;NOx;;Tÿ,7-8h,0-1km;111310;PC petrol >=2L Euro-1;petrol (4S);>=2L;PC-P-Euro-1;50000.00;1.00;1.14;;;
2005ColdDetailed[3.1];pass. car;2010;;NOx;;Tÿ,7-8h,0-1km;121130;PC diesel <1,4L Euro-3;diesel;<1,4L;PC-D-Euro-3;50000.00;1.00;-1.05094257742167e-03;;;
2005ColdDetailed[3.1];pass. car;2010;;NOx;;Tÿ,8-9h,0-1km;111310;PC petrol >=2L Euro-1;petrol (4S);>=2L;PC-P-Euro-1;50000.00;1.00;1.10;;;
2005ColdDetailed[3.1];pass. car;2010;;NOx;;Tÿ,8-9h,0-1km;121130;PC diesel <1,4L Euro-3;diesel;<1,4L;PC-D-Euro-3;50000.00;1.00;-1.05936068575829e-03;;;
2005ColdDetailed[3.1];pass. car;2010;;NOx;;Tÿ,9-10h,0-1km;111310;PC petrol >=2L Euro-1;petrol (4S);>=2L;PC-P-Euro-1;50000.00;1.00;1.07;;;
2005ColdDetailed[3.1];pass. car;2010;;NOx;;Tÿ,9-10h,0-1km;121130;PC diesel <1,4L Euro-3;diesel;<1,4L;PC-D-Euro-3;50000.00;1.00;-1.06791139114648e-03;;;
2005ColdDetailed[3.1];pass. car;2010;;NOx;;Tÿ,10-11h,0-1km;111310;PC petrol >=2L Euro-1;petrol (4S);>=2L;PC-P-Euro-1;50000.00;1.00;1.04;;;
2005ColdDetailed[3.1];pass. car;2010;;NOx;;Tÿ,10-11h,0-1km;121130;PC diesel <1,4L Euro-3;diesel;<1,4L;PC-D-Euro-3;50000.00;1.00;-1.0765966726467e-03;;;
2005ColdDetailed[3.1];pass. car;2010;;NOx;;Tÿ,11-12h,0-1km;111310;PC petrol >=2L Euro-1;petrol (4S);>=2L;PC-P-Euro-1;50000.00;1.00;1.00;;;
2005ColdDetailed[3.1];pass. car;2010;;NOx;;Tÿ,11-12h,0-1km;121130;PC diesel <1,4L Euro-3;diesel;<1,4L;PC-D-Euro-3;50000.00;1.00;-1.08541897498071e-03;;;
2005ColdDetailed[3.1];pass. car;2010;;NOx;;Tÿ,>12h,0-1km;111310;PC petrol >=2L Euro-1;petrol (4S);>=2L;PC-P-Euro-1;50000.00;1.00;0.98;;;
2005ColdDetailed[3.1];pass. car;2010;;NOx;;Tÿ,>12h,0-1km;121130;PC diesel <1,4L Euro-3;diesel;<1,4L;PC-D-Euro-3;50000.00;1.00;-1.08987872954458e-03;;;
2005ColdDetailed[3.1];pass. car;2010;;NOx;;Tÿ,0-1h,1-2km;111310;PC petrol >=2L Euro-1;petrol (4S);>=2L;PC-P-Euro-1;50000.00;1.00;2.63;;;
2005ColdDetailed[3.1];pass. car;2010;;NOx;;Tÿ,0-1h,1-2km;121130;PC diesel <1,4L Euro-3;diesel;<1,4L;PC-D-Euro-3;50000.00;1.00;-4.20942436903715e-03;;;
2005ColdDetailed[3.1];pass. car;2010;;NOx;;Tÿ,1-2h,1-2km;111310;PC petrol >=2L Euro-1;petrol (4S);>=2L;PC-P-Euro-1;50000.00;1.00;2.56;;;
2005ColdDetailed[3.1];pass. car;2010;;NOx;;Tÿ,1-2h,1-2km;121130;PC diesel <1,4L Euro-3;diesel;<1,4L;PC-D-Euro-3;50000.00;1.00;-4.24763187766075e-03;;;
2005ColdDetailed[3.1];pass. car;2010;;NOx;;Tÿ,2-3h,1-2km;111310;PC petrol >=2L Euro-1;petrol (4S);>=2L;PC-P-Euro-1;50000.00;1.00;2.49;;;
2005ColdDetailed[3.1];pass. car;2010;;NOx;;Tÿ,2-3h,1-2km;121130;PC diesel <1,4L Euro-3;diesel;<1,4L;PC-D-Euro-3;50000.00;1.00;-4.28646896034479e-03;;;
2005ColdDetailed[3.1];pass. car;2010;;NOx;;Tÿ,3-4h,1-2km;111310;PC petrol >=2L Euro-1;petrol (4S);>=2L;PC-P-Euro-1;50000.00;1.00;2.41;;;
2005ColdDetailed[3.1];pass. car;2010;;NOx;;Tÿ,3-4h,1-2km;121130;PC diesel <1,4L Euro-3;diesel;<1,4L;PC-D-Euro-3;50000.00;1.00;-4.32595936581492e-03;;;
2005ColdDetailed[3.1];pass. car;2010;;NOx;;Tÿ,4-5h,1-2km;111310;PC petrol >=2L Euro-1;petrol (4S);>=2L;PC-P-Euro-1;50000.00;1.00;2.34;;;
2005ColdDetailed[3.1];pass. car;2010;;NOx;;Tÿ,4-5h,1-2km;121130;PC diesel <1,4L Euro-3;diesel;<1,4L;PC-D-Euro-3;50000.00;1.00;-4.3661124072969e-03;;;
2005ColdDetailed[3.1];pass. car;2010;;NOx;;Tÿ,5-6h,1-2km;111310;PC petrol >=2L Euro-1;petrol (4S);>=2L;PC-P-Euro-1;50000.00;1.00;2.27;;;
2005ColdDetailed[3.1];pass. car;2010;;NOx;;Tÿ,5-6h,1-2km;121130;PC diesel <1,4L Euro-3;diesel;<1,4L;PC-D-Euro-3;50000.00;1.00;-4.40694577991962e-03;;;
2005ColdDetailed[3.1];pass. car;2010;;NOx;;Tÿ,6-7h,1-2km;111310;PC petrol >=2L Euro-1;petrol (4S);>=2L;PC-P-Euro-1;50000.00;1.00;2.20;;;
2005ColdDetailed[3.1];pass. car;2010;;NOx;;Tÿ,6-7h,1-2km;121130;PC diesel <1,4L Euro-3;diesel;<1,4L;PC-D-Euro-3;50000.00;1.00;-4.44847578182817e-03;;;
2005ColdDetailed[3.1];pass. car;2010;;NOx;;Tÿ,7-8h,1-2km;111310;PC petrol >=2L Euro-1;petrol (4S);>=2L;PC-P-Euro-1;50000.00;1.00;2.12;;;
2005ColdDetailed[3.1];pass. car;2010;;NOx;;Tÿ,7-8h,1-2km;121130;PC diesel <1,4L Euro-3;diesel;<1,4L;PC-D-Euro-3;50000.00;1.00;-4.49072103947401e-03;;;
2005ColdDetailed[3.1];pass. car;2010;;NOx;;Tÿ,8-9h,1-2km;111310;PC petrol >=2L Euro-1;petrol (4S);>=2L;PC-P-Euro-1;50000.00;1.00;2.05;;;
2005ColdDetailed[3.1];pass. car;2010;;NOx;;Tÿ,8-9h,1-2km;121130;PC diesel <1,4L Euro-3;diesel;<1,4L;PC-D-Euro-3;50000.00;1.00;-4.53369412571192e-03;;;
2005ColdDetailed[3.1];pass. car;2010;;NOx;;Tÿ,9-10h,1-2km;111310;PC petrol >=2L Euro-1;petrol (4S);>=2L;PC-P-Euro-1;50000.00;1.00;1.98;;;
2005ColdDetailed[3.1];pass. car;2010;;NOx;;Tÿ,9-10h,1-2km;121130;PC diesel <1,4L Euro-3;diesel;<1,4L;PC-D-Euro-3;50000.00;1.00;-4.57742111757398e-03;;;
2005ColdDetailed[3.1];pass. car;2010;;NOx;;Tÿ,10-11h,1-2km;111310;PC petrol >=2L Euro-1;petrol (4S);>=2L;PC-P-Euro-1;50000.00;1.00;1.90;;;
2005ColdDetailed[3.1];pass. car;2010;;NOx;;Tÿ,10-11h,1-2km;121130;PC diesel <1,4L Euro-3;diesel;<1,4L;PC-D-Euro-3;50000.00;1.00;-4.62191505357623e-03;;;
2005ColdDetailed[3.1];pass. car;2010;;NOx;;Tÿ,11-12h,1-2km;111310;PC petrol >=2L Euro-1;petrol (4S);>=2L;PC-P-Euro-1;50000.00;1.00;1.83;;;
2005ColdDetailed[3.1];pass. car;2010;;NOx;;Tÿ,11-12h,1-2km;121130;PC diesel <1,4L Euro-3;diesel;<1,4L;PC-D-Euro-3;50000.00;1.00;-4.66719595715404e-03;;;
2005ColdDetailed[3.1];pass. car;2010;;NOx;;Tÿ,>12h,1-2km;111310;PC petrol >=2L Euro-1;petrol (4S);>=2L;PC-P-Euro-1;50000.00;1.00;1.79;;;
2005ColdDetailed[3.1];pass. car;2010;;NOx;;Tÿ,>12h,1-2km;121130;PC diesel <1,4L Euro-3;diesel;<1,4L;PC-D-Euro-3;50000.00;1.00;-4.69011254608631e-03;;;
2005ColdDetailed[3.1];pass. car;2010;;PM;;Tÿ,0-1h,0-1km;111310;PC petrol >=2L Euro-1;petrol (4S);>=2L;PC-P-Euro-1;50000.00;1.00;0.00;;;
2005ColdDetailed[3.1];pass. car;2010;;PM;;Tÿ,0-1h,0-1km;121130;PC diesel <1,4L Euro-3;diesel;<1,4L;PC-D-Euro-3;50000.00;1.00;0.01;;;
2005ColdDetailed[3.1];pass. car;2010;;PM;;Tÿ,1-2h,0-1km;111310;PC petrol >=2L Euro-1;petrol (4S);>=2L;PC-P-Euro-1;50000.00;1.00;0.00;;;
2005ColdDetailed[3.1];pass. car;2010;;PM;;Tÿ,1-2h,0-1km;121130;PC diesel <1,4L Euro-3;diesel;<1,4L;PC-D-Euro-3;50000.00;1.00;0.01;;;
2005ColdDetailed[3.1];pass. car;2010;;PM;;Tÿ,2-3h,0-1km;111310;PC petrol >=2L Euro-1;petrol (4S);>=2L;PC-P-Euro-1;50000.00;1.00;0.00;;;
2005ColdDetailed[3.1];pass. car;2010;;PM;;Tÿ,2-3h,0-1km;121130;PC diesel <1,4L Euro-3;diesel;<1,4L;PC-D-Euro-3;50000.00;1.00;0.01;;;
2005ColdDetailed[3.1];pass. car;2010;;PM;;Tÿ,3-4h,0-1km;111310;PC petrol >=2L Euro-1;petrol (4S);>=2L;PC-P-Euro-1;50000.00;1.00;0.00;;;
2005ColdDetailed[3.1];pass. car;2010;;PM;;Tÿ,3-4h,0-1km;121130;PC diesel <1,4L Euro-3;diesel;<1,4L;PC-D-Euro-3;50000.00;1.00;0.01;;;
2005ColdDetailed[3.1];pass. car;2010;;PM;;Tÿ,4-5h,0-1km;111310;PC petrol >=2L Euro-1;petrol (4S);>=2L;PC-P-Euro-1;50000.00;1.00;0.00;;;
2005ColdDetailed[3.1];pass. car;2010;;PM;;Tÿ,4-5h,0-1km;121130;PC diesel <1,4L Euro-3;diesel;<1,4L;PC-D-Euro-3;50000.00;1.00;0.01;;;
2005ColdDetailed[3.1];pass. car;2010;;PM;;Tÿ,5-6h,0-1km;111310;PC petrol >=2L Euro-1;petrol (4S);>=2L;PC-P-Euro-1;50000.00;1.00;0.00;;;
2005ColdDetailed[3.1];pass. car;2010;;PM;;Tÿ,5-6h,0-1km;121130;PC diesel <1,4L Euro-3;diesel;<1,4L;PC-D-Euro-3;50000.00;1.00;0.01;;;
2005ColdDetailed[3.1];pass. car;2010;;PM;;Tÿ,6-7h,0-1km;111310;PC petrol >=2L Euro-1;petrol (4S);>=2L;PC-P-Euro-1;50000.00;1.00;0.00;;;
2005ColdDetailed[3.1];pass. car;2010;;PM;;Tÿ,6-7h,0-1km;121130;PC diesel <1,4L Euro-3;diesel;<1,4L;PC-D-Euro-3;50000.00;1.00;0.01;;;
2005ColdDetailed[3.1];pass. car;2010;;PM;;Tÿ,7-8h,0-1km;111310;PC petrol >=2L Euro-1;petrol (4S);>=2L;PC-P-Euro-1;50000.00;1.00;0.00;;;
2005ColdDetailed[3.1];pass. car;2010;;PM;;Tÿ,7-8h,0-1km;121130;PC diesel <1,4L Euro-3;diesel;<1,4L;PC-D-Euro-3;50000.00;1.00;0.01;;;
2005ColdDetailed[3.1];pass. car;2010;;PM;;Tÿ,8-9h,0-1km;111310;PC petrol >=2L Euro-1;petrol (4S);>=2L;PC-P-Euro-1;50000.00;1.00;0.00;;;
2005ColdDetailed[3.1];pass. car;2010;;PM;;Tÿ,8-9h,0-1km;121130;PC diesel <1,4L Euro-3;diesel;<1,4L;PC-D-Euro-3;50000.00;1.00;0.01;;;
2005ColdDetailed[3.1];pass. car;2010;;PM;;Tÿ,9-10h,0-1km;111310;PC petrol >=2L Euro-1;petrol (4S);>=2L;PC-P-Euro-1;50000.00;1.00;0.00;;;
2005ColdDetailed[3.1];pass. car;2010;;PM;;Tÿ,9-10h,0-1km;121130;PC diesel <1,4L Euro-3;diesel;<1,4L;PC-D-Euro-3;50000.00;1.00;0.01;;;
2005ColdDetailed[3.1];pass. car;2010;;PM;;Tÿ,10-11h,0-1km;111310;PC petrol >=2L Euro-1;petrol (4S);>=2L;PC-P-Euro-1;50000.00;1.00;0.00;;;
2005ColdDetailed[3.1];pass. car;2010;;PM;;Tÿ,10-11h,0-1km;121130;PC diesel <1,4L Euro-3;diesel;<1,4L;PC-D-Euro-3;50000.00;1.00;0.02;;;
2005ColdDetailed[3.1];pass. car;2010;;PM;;Tÿ,11-12h,0-1km;111310;PC petrol >=2L Euro-1;petrol (4S);>=2L;PC-P-Euro-1;50000.00;1.00;0.00;;;
2005ColdDetailed[3.1];pass. car;2010;;PM;;Tÿ,11-12h,0-1km;121130;PC diesel <1,4L Euro-3;diesel;<1,4L;PC-D-Euro-3;50000.00;1.00;0.02;;;
2005ColdDetailed[3.1];pass. car;2010;;PM;;Tÿ,>12h,0-1km;111310;PC petrol >=2L Euro-1;petrol (4S);>=2L;PC-P-Euro-1;50000.00;1.00;0.00;;;
2005ColdDetailed[3.1];pass. car;2010;;PM;;Tÿ,>12h,0-1km;121130;PC diesel <1,4L Euro-3;diesel;<1,4L;PC-D-Euro-3;50000.00;1.00;0.02;;;
2005ColdDetailed[3.1];pass. car;2010;;PM;;Tÿ,0-1h,1-2km;111310;PC petrol >=2L Euro-1;petrol (4S);>=2L;PC-P-Euro-1;50000.00;1.00;0.00;;;
2005ColdDetailed[3.1];pass. car;2010;;PM;;Tÿ,0-1h,1-2km;121130;PC diesel <1,4L Euro-3;diesel;<1,4L;PC-D-Euro-3;50000.00;1.00;0.02;;;
2005ColdDetailed[3.1];pass. car;2010;;PM;;Tÿ,1-2h,1-2km;111310;PC petrol >=2L Euro-1;petrol (4S);>=2L;PC-P-Euro-1;50000.00;1.00;0.00;;;
2005ColdDetailed[3.1];pass. car;2010;;PM;;Tÿ,1-2h,1-2km;121130;PC diesel <1,4L Euro-3;diesel;<1,4L;PC-D-Euro-3;50000.00;1.00;0.03;;;
2005ColdDetailed[3.1];pass. car;2010;;PM;;Tÿ,2-3h,1-2km;111310;PC petrol >=2L Euro-1;petrol (4S);>=2L;PC-P-Euro-1;50000.00;1.00;0.00;;;
2005ColdDetailed[3.1];pass. car;2010;;PM;;Tÿ,2-3h,1-2km;121130;PC diesel <1,4L Euro-3;diesel;<1,4L;PC-D-Euro-3;50000.00;1.00;0.03;;;
2005ColdDetailed[3.1];pass. car;2010;;PM;;Tÿ,3-4h,1-2km;111310;PC petrol >=2L Euro-1;petrol (4S);>=2L;PC-P-Euro-1;50000.00;1.00;0.00;;;
2005ColdDetailed[3.1];pass. car;2010;;PM;;Tÿ,3-4h,1-2km;121130;PC diesel <1,4L Euro-3;diesel;<1,4L;PC-D-Euro-3;50000.00;1.00;0.03;;;
2005ColdDetailed[3.1];pass. car;2010;;PM;;Tÿ,4-5h,1-2km;111310;PC petrol >=2L Euro-1;petrol (4S);>=2L;PC-P-Euro-1;50000.00;1.00;0.00;;;
2005ColdDetailed[3.1];pass. car;2010;;PM;;Tÿ,4-5h,1-2km;121130;PC diesel <1,4L Euro-3;diesel;<1,4L;PC-D-Euro-3;50000.00;1.00;0.03;;;
2005ColdDetailed[3.1];pass. car;2010;;PM;;Tÿ,5-6h,1-2km;111310;PC petrol >=2L Euro-1;petrol (4S);>=2L;PC-P-Euro-1;50000.00;1.00;0.00;;;
2005ColdDetailed[3.1];pass. car;2010;;PM;;Tÿ,5-6h,1-2km;121130;PC diesel <1,4L Euro-3;diesel;<1,4L;PC-D-Euro-3;50000.00;1.00;0.04;;;
2005ColdDetailed[3.1];pass. car;2010;;PM;;Tÿ,6-7h,1-2km;111310;PC petrol >=2L Euro-1;petrol (4S);>=2L;PC-P-Euro-1;50000.00;1.00;0.00;;;
2005ColdDetailed[3.1];pass. car;2010;;PM;;Tÿ,6-7h,1-2km;121130;PC diesel <1,4L Euro-3;diesel;<1,4L;PC-D-Euro-3;50000.00;1.00;0.04;;;
2005ColdDetailed[3.1];pass. car;2010;;PM;;Tÿ,7-8h,1-2km;111310;PC petrol >=2L Euro-1;petrol (4S);>=2L;PC-P-Euro-1;50000.00;1.00;0.00;;;
2005ColdDetailed[3.1];pass. car;2010;;PM;;Tÿ,7-8h,1-2km;121130;PC diesel <1,4L Euro-3;diesel;<1,4L;PC-D-Euro-3;50000.00;1.00;0.04;;;
2005ColdDetailed[3.1];pass. car;2010;;PM;;Tÿ,8-9h,1-2km;111310;PC petrol >=2L Euro-1;petrol (4S);>=2L;PC-P-Euro-1;50000.00;1.00;0.00;;;
2005ColdDetailed[3.1];pass. car;2010;;PM;;Tÿ,8-9h,1-2km;121130;PC diesel <1,4L Euro-3;diesel;<1,4L;PC-D-Euro-3;50000.00;1.00;0.05;;;
2005ColdDetailed[3.1];pass. car;2010;;PM;;Tÿ,9-10h,1-2km;111310;PC petrol >=2L Euro-1;petrol (4S);>=2L;PC-P-Euro-1;50000.00;1.00;0.00;;;
2005ColdDetailed[3.1];pass. car;2010;;PM;;Tÿ,9-10h,1-2km;121130;PC diesel <1,4L Euro-3;diesel;<1,4L;PC-D-Euro-3;50000.00;1.00;0.05;;;
2005ColdDetailed[3.1];pass. car;2010;;PM;;Tÿ,10-11h,1-2km;111310;PC petrol >=2L Euro-1;petrol (4S);>=2L;PC-P-Euro-1;50000.00;1.00;0.00;;;
2005ColdDetailed[3.1];pass. car;2010;;PM;;Tÿ,10-11h,1-2km;121130;PC diesel <1,4L Euro-3;diesel;<1,4L;PC-D-Euro-3;50000.00;1.00;0.05;;;
2005ColdDetailed[3.1];pass. car;2010;;PM;;Tÿ,11-12h,1-2km;111310;PC petrol >=2L Euro-1;petrol (4S);>=2L;PC-P-Euro-1;50000.00;1.00;0.00;;;
2005ColdDetailed[3.1];pass. car;2010;;PM;;Tÿ,11-12h,1-2km;121130;PC diesel <1,4L Euro-3;diesel;<1,4L;PC-D-Euro-3;50000.00;1.00;0.06;;;
2005ColdDetailed[3.1];pass. car;2010;;PM;;Tÿ,>12h,1-2km;111310;PC petrol >=2L Euro-1;petrol (4S);>=2L;PC-P-Euro-1;50000.00;1.00;0.00;;;
2005ColdDetailed[3.1];pass. car;2010;;PM;;Tÿ,>12h,1-2km;121130;PC diesel <1,4L Euro-3;diesel;<1,4L;PC-D-Euro-3;50000.00;1.00;0.06;;;
2005ColdDetailed[3.1];pass. car;2010;;NMHC;;Tÿ,0-1h,0-1km;111310;PC petrol >=2L Euro-1;petrol (4S);>=2L;PC-P-Euro-1;50000.00;1.00;4.53;;;
2005ColdDetailed[3.1];pass. car;2010;;NMHC;;Tÿ,0-1h,0-1km;121130;PC diesel <1,4L Euro-3;diesel;<1,4L;PC-D-Euro-3;50000.00;1.00;0.10;;;
2005ColdDetailed[3.1];pass. car;2010;;NMHC;;Tÿ,1-2h,0-1km;111310;PC petrol >=2L Euro-1;petrol (4S);>=2L;PC-P-Euro-1;50000.00;1.00;4.81;;;
2005ColdDetailed[3.1];pass. car;2010;;NMHC;;Tÿ,1-2h,0-1km;121130;PC diesel <1,4L Euro-3;diesel;<1,4L;PC-D-Euro-3;50000.00;1.00;0.11;;;
2005ColdDetailed[3.1];pass. car;2010;;NMHC;;Tÿ,2-3h,0-1km;111310;PC petrol >=2L Euro-1;petrol (4S);>=2L;PC-P-Euro-1;50000.00;1.00;5.09;;;
2005ColdDetailed[3.1];pass. car;2010;;NMHC;;Tÿ,2-3h,0-1km;121130;PC diesel <1,4L Euro-3;diesel;<1,4L;PC-D-Euro-3;50000.00;1.00;0.12;;;
2005ColdDetailed[3.1];pass. car;2010;;NMHC;;Tÿ,3-4h,0-1km;111310;PC petrol >=2L Euro-1;petrol (4S);>=2L;PC-P-Euro-1;50000.00;1.00;5.38;;;
2005ColdDetailed[3.1];pass. car;2010;;NMHC;;Tÿ,3-4h,0-1km;121130;PC diesel <1,4L Euro-3;diesel;<1,4L;PC-D-Euro-3;50000.00;1.00;0.12;;;
2005ColdDetailed[3.1];pass. car;2010;;NMHC;;Tÿ,4-5h,0-1km;111310;PC petrol >=2L Euro-1;petrol (4S);>=2L;PC-P-Euro-1;50000.00;1.00;5.66;;;
2005ColdDetailed[3.1];pass. car;2010;;NMHC;;Tÿ,4-5h,0-1km;121130;PC diesel <1,4L Euro-3;diesel;<1,4L;PC-D-Euro-3;50000.00;1.00;0.13;;;
2005ColdDetailed[3.1];pass. car;2010;;NMHC;;Tÿ,5-6h,0-1km;111310;PC petrol >=2L Euro-1;petrol (4S);>=2L;PC-P-Euro-1;50000.00;1.00;5.95;;;
2005ColdDetailed[3.1];pass. car;2010;;NMHC;;Tÿ,5-6h,0-1km;121130;PC diesel <1,4L Euro-3;diesel;<1,4L;PC-D-Euro-3;50000.00;1.00;0.14;;;
2005ColdDetailed[3.1];pass. car;2010;;NMHC;;Tÿ,6-7h,0-1km;111310;PC petrol >=2L Euro-1;petrol (4S);>=2L;PC-P-Euro-1;50000.00;1.00;6.23;;;
2005ColdDetailed[3.1];pass. car;2010;;NMHC;;Tÿ,6-7h,0-1km;121130;PC diesel <1,4L Euro-3;diesel;<1,4L;PC-D-Euro-3;50000.00;1.00;0.14;;;
2005ColdDetailed[3.1];pass. car;2010;;NMHC;;Tÿ,7-8h,0-1km;111310;PC petrol >=2L Euro-1;petrol (4S);>=2L;PC-P-Euro-1;50000.00;1.00;6.51;;;
2005ColdDetailed[3.1];pass. car;2010;;NMHC;;Tÿ,7-8h,0-1km;121130;PC diesel <1,4L Euro-3;diesel;<1,4L;PC-D-Euro-3;50000.00;1.00;0.15;;;
2005ColdDetailed[3.1];pass. car;2010;;NMHC;;Tÿ,8-9h,0-1km;111310;PC petrol >=2L Euro-1;petrol (4S);>=2L;PC-P-Euro-1;50000.00;1.00;6.80;;;
2005ColdDetailed[3.1];pass. car;2010;;NMHC;;Tÿ,8-9h,0-1km;121130;PC diesel <1,4L Euro-3;diesel;<1,4L;PC-D-Euro-3;50000.00;1.00;0.16;;;
2005ColdDetailed[3.1];pass. car;2010;;NMHC;;Tÿ,9-10h,0-1km;111310;PC petrol >=2L Euro-1;petrol (4S);>=2L;PC-P-Euro-1;50000.00;1.00;7.08;;;
2005ColdDetailed[3.1];pass. car;2010;;NMHC;;Tÿ,9-10h,0-1km;121130;PC diesel <1,4L Euro-3;diesel;<1,4L;PC-D-Euro-3;50000.00;1.00;0.16;;;
2005ColdDetailed[3.1];pass. car;2010;;NMHC;;Tÿ,10-11h,0-1km;111310;PC petrol >=2L Euro-1;petrol (4S);>=2L;PC-P-Euro-1;50000.00;1.00;7.36;;;
2005ColdDetailed[3.1];pass. car;2010;;NMHC;;Tÿ,10-11h,0-1km;121130;PC diesel <1,4L Euro-3;diesel;<1,4L;PC-D-Euro-3;50000.00;1.00;0.17;;;
2005ColdDetailed[3.1];pass. car;2010;;NMHC;;Tÿ,11-12h,0-1km;111310;PC petrol >=2L Euro-1;petrol (4S);>=2L;PC-P-Euro-1;50000.00;1.00;7.65;;;
2005ColdDetailed[3.1];pass. car;2010;;NMHC;;Tÿ,11-12h,0-1km;121130;PC diesel <1,4L Euro-3;diesel;<1,4L;PC-D-Euro-3;50000.00;1.00;0.18;;;
2005ColdDetailed[3.1];pass. car;2010;;NMHC;;Tÿ,>12h,0-1km;111310;PC petrol >=2L Euro-1;petrol (4S);>=2L;PC-P-Euro-1;50000.00;1.00;7.79;;;
2005ColdDetailed[3.1];pass. car;2010;;NMHC;;Tÿ,>12h,0-1km;121130;PC diesel <1,4L Euro-3;diesel;<1,4L;PC-D-Euro-3;50000.00;1.00;0.18;;;
2005ColdDetailed[3.1];pass. car;2010;;NMHC;;Tÿ,0-1h,1-2km;111310;PC petrol >=2L Euro-1;petrol (4S);>=2L;PC-P-Euro-1;50000.00;1.00;4.54;;;
2005ColdDetailed[3.1];pass. car;2010;;NMHC;;Tÿ,0-1h,1-2km;121130;PC diesel <1,4L Euro-3;diesel;<1,4L;PC-D-Euro-3;50000.00;1.00;0.25;;;
2005ColdDetailed[3.1];pass. car;2010;;NMHC;;Tÿ,1-2h,1-2km;111310;PC petrol >=2L Euro-1;petrol (4S);>=2L;PC-P-Euro-1;50000.00;1.00;4.82;;;
2005ColdDetailed[3.1];pass. car;2010;;NMHC;;Tÿ,1-2h,1-2km;121130;PC diesel <1,4L Euro-3;diesel;<1,4L;PC-D-Euro-3;50000.00;1.00;0.27;;;
2005ColdDetailed[3.1];pass. car;2010;;NMHC;;Tÿ,2-3h,1-2km;111310;PC petrol >=2L Euro-1;petrol (4S);>=2L;PC-P-Euro-1;50000.00;1.00;5.11;;;
2005ColdDetailed[3.1];pass. car;2010;;NMHC;;Tÿ,2-3h,1-2km;121130;PC diesel <1,4L Euro-3;diesel;<1,4L;PC-D-Euro-3;50000.00;1.00;0.28;;;
2005ColdDetailed[3.1];pass. car;2010;;NMHC;;Tÿ,3-4h,1-2km;111310;PC petrol >=2L Euro-1;petrol (4S);>=2L;PC-P-Euro-1;50000.00;1.00;5.39;;;
2005ColdDetailed[3.1];pass. car;2010;;NMHC;;Tÿ,3-4h,1-2km;121130;PC diesel <1,4L Euro-3;diesel;<1,4L;PC-D-Euro-3;50000.00;1.00;0.30;;;
2005ColdDetailed[3.1];pass. car;2010;;NMHC;;Tÿ,4-5h,1-2km;111310;PC petrol >=2L Euro-1;petrol (4S);>=2L;PC-P-Euro-1;50000.00;1.00;5.68;;;
2005ColdDetailed[3.1];pass. car;2010;;NMHC;;Tÿ,4-5h,1-2km;121130;PC diesel <1,4L Euro-3;diesel;<1,4L;PC-D-Euro-3;50000.00;1.00;0.32;;;
2005ColdDetailed[3.1];pass. car;2010;;NMHC;;Tÿ,5-6h,1-2km;111310;PC petrol >=2L Euro-1;petrol (4S);>=2L;PC-P-Euro-1;50000.00;1.00;5.96;;;
2005ColdDetailed[3.1];pass. car;2010;;NMHC;;Tÿ,5-6h,1-2km;121130;PC diesel <1,4L Euro-3;diesel;<1,4L;PC-D-Euro-3;50000.00;1.00;0.33;;;
2005ColdDetailed[3.1];pass. car;2010;;NMHC;;Tÿ,6-7h,1-2km;111310;PC petrol >=2L Euro-1;petrol (4S);>=2L;PC-P-Euro-1;50000.00;1.00;6.25;;;
2005ColdDetailed[3.1];pass. car;2010;;NMHC;;Tÿ,6-7h,1-2km;121130;PC diesel <1,4L Euro-3;diesel;<1,4L;PC-D-Euro-3;50000.00;1.00;0.35;;;
2005ColdDetailed[3.1];pass. car;2010;;NMHC;;Tÿ,7-8h,1-2km;111310;PC petrol >=2L Euro-1;petrol (4S);>=2L;PC-P-Euro-1;50000.00;1.00;6.53;;;
2005ColdDetailed[3.1];pass. car;2010;;NMHC;;Tÿ,7-8h,1-2km;121130;PC diesel <1,4L Euro-3;diesel;<1,4L;PC-D-Euro-3;50000.00;1.00;0.36;;;
2005ColdDetailed[3.1];pass. car;2010;;NMHC;;Tÿ,8-9h,1-2km;111310;PC petrol >=2L Euro-1;petrol (4S);>=2L;PC-P-Euro-1;50000.00;1.00;6.82;;;
2005ColdDetailed[3.1];pass. car;2010;;NMHC;;Tÿ,8-9h,1-2km;121130;PC diesel <1,4L Euro-3;diesel;<1,4L;PC-D-Euro-3;50000.00;1.00;0.38;;;
2005ColdDetailed[3.1];pass. car;2010;;NMHC;;Tÿ,9-10h,1-2km;111310;PC petrol >=2L Euro-1;petrol (4S);>=2L;PC-P-Euro-1;50000.00;1.00;7.10;;;
2005ColdDetailed[3.1];pass. car;2010;;NMHC;;Tÿ,9-10h,1-2km;121130;PC diesel <1,4L Euro-3;diesel;<1,4L;PC-D-Euro-3;50000.00;1.00;0.40;;;
2005ColdDetailed[3.1];pass. car;2010;;NMHC;;Tÿ,10-11h,1-2km;111310;PC petrol >=2L Euro-1;petrol (4S);>=2L;PC-P-Euro-1;50000.00;1.00;7.38;;;
2005ColdDetailed[3.1];pass. car;2010;;NMHC;;Tÿ,10-11h,1-2km;121130;PC diesel <1,4L Euro-3;diesel;<1,4L;PC-D-Euro-3;50000.00;1.00;0.41;;;
2005ColdDetailed[3.1];pass. car;2010;;NMHC;;Tÿ,11-12h,1-2km;111310;PC petrol >=2L Euro-1;petrol (4S);>=2L;PC-P-Euro-1;50000.00;1.00;7.67;;;
2005ColdDetailed[3.1];pass. car;2010;;NMHC;;Tÿ,11-12h,1-2km;121130;PC diesel <1,4L Euro-3;diesel;<1,4L;PC-D-Euro-3;50000.00;1.00;0.43;;;
2005ColdDetailed[3.1];pass. car;2010;;NMHC;;Tÿ,>12h,1-2km;111310;PC petrol >=2L Euro-1;petrol (4S);>=2L;PC-P-Euro-1;50000.00;1.00;7.81;;;
2005ColdDetailed[3.1];pass. car;2010;;NMHC;;Tÿ,>12h,1-2km;121130;PC diesel <1,4L Euro-3;diesel;<1,4L;PC-D-Euro-3;50000.00;1.00;0.44;;;
